video_key,original_annotation_count,retained_annotation_count,retained_unique_frame_count,retained_class_count,source_has_annotations,has_accepted_labelled_evidence
04a78ef00c5245e0,1292,1292,1292,6,True,True
0531325b64674948,1191,1191,1191,3,True,True
055bbbec392b4f3a,0,0,0,0,False,False
0728084c8da942d9,1499,1499,1499,4,True,True
07c1fa15a20a4398,678,678,678,2,True,True
08d09e4d7aa140f7,0,0,0,0,False,False
131368cc17e44240,2034,2034,2034,4,True,True
1342422630854f70,0,0,0,0,False,False
199b056fd09f47c9,0,0,0,0,False,False
1a14ba6768604ae2,0,0,0,0,False,False
2213cbc25f124b25,0,0,0,0,False,False
2317d66500394077,0,0,0,0,False,False
231eb3a0fae54b98,0,0,0,0,False,False
23f4d34a80d44c05,0,0,0,0,False,False
23fb85eefa314dc3,0,0,0,0,False,False
25551f9c7a3f424a,0,0,0,0,False,False
2f513ad4ee5e4630,0,0,0,0,False,False
2fc3db471f9d44c0,127,127,127,1,True,True
358f96d770a2410e,0,0,0,0,False,False
3680a149fa3e4b0b,0,0,0,0,False,False
39960e5e099a45ca,237,237,237,3,True,True
3ada4222967f421d,1002,1002,1002,4,True,True
3c8d5f0b90d7475d,1704,1704,1704,2,True,True
421b968fc5b74af1,0,0,0,0,False,False
429257154ce94be3,0,0,0,0,False,False
4560e83f9afc4685,780,780,780,3,True,True
48579eec79784294,1379,1379,1379,6,True,True
492a750169554d64,0,0,0,0,False,False
495f16498db34d3c,323,323,323,2,True,True
4ab482cc46054935,0,0,0,0,False,False
4aebc5cb2d4847aa,90,90,90,1,True,True
4c059b716bf84ea3,0,0,0,0,False,False
4ed494e20fd349ad,0,0,0,0,False,False
4fd5d5fabb1f4b47,0,0,0,0,False,False
4ff32d8a3768447b,0,0,0,0,False,False
52a7ef6b38084c16,0,0,0,0,False,False
563e2e69c3e344a5,0,0,0,0,False,False
5a51763059e749d8,0,0,0,0,False,False
5bb1d3cc7dc64cec,788,788,788,3,True,True
5d480904787b471d,0,0,0,0,False,False
5e59c7fdb16c4228,2394,2394,2394,5,True,True
5e9beaf4e66142c8,464,464,464,2,True,True
5f98cfbdcefb4b24,0,0,0,0,False,False
61f06834552f4d09,0,0,0,0,False,False
64440803f87b4843,2159,2159,2159,6,True,True
66939134473e44af,0,0,0,0,False,False
6cb700585c4f4070,884,884,884,2,True,True
6e2fb5dfcfe84a55,0,0,0,0,False,False
6ee6ca3e686d4d0a,0,0,0,0,False,False
747d45c19ad14a8c,0,0,0,0,False,False
74aaa0963ec44812,0,0,0,0,False,False
751de939d2eb4dfc,0,0,0,0,False,False
7a47e8eacea04e64,436,436,436,4,True,True
7ad22d50ebaf4596,740,740,740,4,True,True
7f2eed29b57d4d69,0,0,0,0,False,False
805c383b48414cbf,0,0,0,0,False,False
81236e118ae2480f,0,0,0,0,False,False
83f180a29f3e40b4,0,0,0,0,False,False
8601bf960ea44cae,0,0,0,0,False,False
8885668afb844852,2021,2021,2021,5,True,True
89cdd41258c542c5,1198,1198,1198,2,True,True
8a00709108cd4e2b,542,542,542,2,True,True
8b6903e220784dd9,0,0,0,0,False,False
8dab1452e7e54550,0,0,0,0,False,False
8e0117d6d9c84d2b,0,0,0,0,False,False
8ebf0e483cac48d6,1077,1077,1077,6,True,True
8ed53a953994488f,0,0,0,0,False,False
8f263414d3de414d,0,0,0,0,False,False
90440abfba254494,0,0,0,0,False,False
90cb94b58b484306,0,0,0,0,False,False
90e7cc8c498144b6,0,0,0,0,False,False
96cb81a18bb34dcc,0,0,0,0,False,False
98c08c754fba418d,0,0,0,0,False,False
9cfb233f909d46c4,0,0,0,0,False,False
9d37bb4f8cc94731,0,0,0,0,False,False
9fa8a9d05c014789,0,0,0,0,False,False
9fae4024b2e64a1b,0,0,0,0,False,False
ad91cf7ca91440aa,74,74,74,3,True,True
ae546e326e594e64,0,0,0,0,False,False
af9bd7d0e43741e3,431,431,431,3,True,True
b2134f4a6f864613,1297,1297,1297,3,True,True
bc08ec3864244b70,0,0,0,0,False,False
bc84479c66fe4da6,1891,1891,1891,3,True,True
bca26705313a4644,1449,1449,1449,4,True,True
be12a84047f64b9d,0,0,0,0,False,False
bf79bb7120234162,0,0,0,0,False,False
c11b28a8b2344716,1000,1000,1000,3,True,True
c3946cdabade48c6,0,0,0,0,False,False
c468b4b7d36e4c72,0,0,0,0,False,False
c7084b3556e34619,976,976,976,3,True,True
c9b1858f498e4d40,0,0,0,0,False,False
cfcc751c6cf44d3b,0,0,0,0,False,False
d369e4f163df4aba,1328,1328,1328,4,True,True
d626f4f4a5ac4785,643,643,643,3,True,True
d7a271f233ba4a40,945,945,945,3,True,True
d7d0013ac7704eae,0,0,0,0,False,False
da002dfca6df48fa,0,0,0,0,False,False
dac1e27f7e4d4ef5,2152,2152,2152,4,True,True
dc221ccc65d34010,1789,1789,1789,3,True,True
dca1377dec974312,1216,1216,1216,3,True,True
dd23dc64d0944db0,0,0,0,0,False,False
df6b47bafe5143f5,1530,1530,1530,3,True,True
e1b8ab3edc594415,0,0,0,0,False,False
e2ec9bac087f4573,0,0,0,0,False,False
e3651eae6cd14d0d,0,0,0,0,False,False
e4da9040be064e2f,0,0,0,0,False,False
e65ce34d64094ded,0,0,0,0,False,False
eb0203196e284797,873,873,864,5,True,True
eb29cc736838444d,0,0,0,0,False,False
ed02f27ef36f483e,587,587,587,3,True,True
f693f1b3c60e4065,0,0,0,0,False,False
f6a42c6e3f804539,0,0,0,0,False,False
f7acef9e901f405c,0,0,0,0,False,False
f89e276571ce4538,0,0,0,0,False,False
fb86bc87d3874cd7,2085,2085,2084,3,True,True
fc32def0e7194981,1380,1380,1380,2,True,True
fe5d372e43f94f68,554,554,554,3,True,True
