video_key,labelled_frame_count,minimum_aligned_frame_index,maximum_aligned_frame_index,video_frame_count,out_of_bounds_frame_count,validation_passed
04a78ef00c5245e0,1292,887,48873,50986,0,True
0531325b64674948,1191,232,10351,16151,0,True
0728084c8da942d9,1499,4204,30209,48948,0,True
07c1fa15a20a4398,678,1353,38619,38620,0,True
131368cc17e44240,2034,1141,31698,31721,0,True
2fc3db471f9d44c0,127,1252,5511,76859,0,True
39960e5e099a45ca,237,9077,32922,32943,0,True
3ada4222967f421d,1002,27,40528,40529,0,True
3c8d5f0b90d7475d,1704,3381,45032,45033,0,True
4560e83f9afc4685,780,874,20367,35019,0,True
48579eec79784294,1379,1294,29824,34379,0,True
495f16498db34d3c,323,10738,32893,32894,0,True
4aebc5cb2d4847aa,90,28464,28553,28554,0,True
5bb1d3cc7dc64cec,788,7427,34182,34183,0,True
5e59c7fdb16c4228,2394,2728,45256,47978,0,True
5e9beaf4e66142c8,464,11633,49339,49340,0,True
64440803f87b4843,2159,3578,32289,33069,0,True
6cb700585c4f4070,884,12784,26594,26595,0,True
7a47e8eacea04e64,436,1996,63624,65859,0,True
7ad22d50ebaf4596,740,2826,33605,33769,0,True
8885668afb844852,2021,3802,35706,38804,0,True
89cdd41258c542c5,1198,2652,13233,29792,0,True
8a00709108cd4e2b,542,4669,17633,17634,0,True
8ebf0e483cac48d6,1077,1208,29688,29944,0,True
ad91cf7ca91440aa,74,854,32587,32594,0,True
af9bd7d0e43741e3,431,2034,30284,35846,0,True
b2134f4a6f864613,1297,770,21102,29444,0,True
bc84479c66fe4da6,1891,8964,63104,72699,0,True
bca26705313a4644,1449,7859,46212,48413,0,True
c11b28a8b2344716,1000,567,82057,101702,0,True
c7084b3556e34619,976,16354,69262,84324,0,True
d369e4f163df4aba,1328,1147,86131,87357,0,True
d626f4f4a5ac4785,643,7699,52271,52276,0,True
d7a271f233ba4a40,945,4604,29915,34926,0,True
dac1e27f7e4d4ef5,2152,1728,29190,31196,0,True
dc221ccc65d34010,1789,8974,84339,84340,0,True
dca1377dec974312,1216,1549,16109,74384,0,True
df6b47bafe5143f5,1530,2091,19236,19237,0,True
eb0203196e284797,864,1106,22874,28383,0,True
ed02f27ef36f483e,587,4440,58610,59281,0,True
fb86bc87d3874cd7,2084,356,30761,67403,0,True
fc32def0e7194981,1380,13677,89099,89100,0,True
fe5d372e43f94f68,554,978,25954,26777,0,True
