video_key,video_relpath,split,frame_index_offset,retained_annotation_count,retained_unique_frame_count,retained_class_count
04a78ef00c5245e0,data/raw/kvasir_capsule/osfstorage/labelled_videos/04a78ef00c5245e0.mp4,test,0,212,212,6
04a78ef00c5245e0,data/raw/kvasir_capsule/osfstorage/labelled_videos/04a78ef00c5245e0.mp4,train,0,883,883,6
04a78ef00c5245e0,data/raw/kvasir_capsule/osfstorage/labelled_videos/04a78ef00c5245e0.mp4,validation,0,197,197,6
0531325b64674948,data/raw/kvasir_capsule/osfstorage/labelled_videos/0531325b64674948.mp4,test,0,159,159,3
0531325b64674948,data/raw/kvasir_capsule/osfstorage/labelled_videos/0531325b64674948.mp4,train,0,831,831,3
0531325b64674948,data/raw/kvasir_capsule/osfstorage/labelled_videos/0531325b64674948.mp4,validation,0,201,201,3
0728084c8da942d9,data/raw/kvasir_capsule/osfstorage/labelled_videos/0728084c8da942d9.mp4,test,0,233,233,3
0728084c8da942d9,data/raw/kvasir_capsule/osfstorage/labelled_videos/0728084c8da942d9.mp4,train,0,1027,1027,4
0728084c8da942d9,data/raw/kvasir_capsule/osfstorage/labelled_videos/0728084c8da942d9.mp4,validation,0,239,239,3
07c1fa15a20a4398,data/raw/kvasir_capsule/osfstorage/labelled_videos/07c1fa15a20a4398.mp4,test,0,96,96,1
07c1fa15a20a4398,data/raw/kvasir_capsule/osfstorage/labelled_videos/07c1fa15a20a4398.mp4,train,0,474,474,2
07c1fa15a20a4398,data/raw/kvasir_capsule/osfstorage/labelled_videos/07c1fa15a20a4398.mp4,validation,0,108,108,2
131368cc17e44240,data/raw/kvasir_capsule/osfstorage/labelled_videos/131368cc17e44240.mp4,test,0,282,282,4
131368cc17e44240,data/raw/kvasir_capsule/osfstorage/labelled_videos/131368cc17e44240.mp4,train,0,1455,1455,4
131368cc17e44240,data/raw/kvasir_capsule/osfstorage/labelled_videos/131368cc17e44240.mp4,validation,0,297,297,4
2fc3db471f9d44c0,data/raw/kvasir_capsule/osfstorage/labelled_videos/2fc3db471f9d44c0.mp4,test,0,22,22,1
2fc3db471f9d44c0,data/raw/kvasir_capsule/osfstorage/labelled_videos/2fc3db471f9d44c0.mp4,train,0,85,85,1
2fc3db471f9d44c0,data/raw/kvasir_capsule/osfstorage/labelled_videos/2fc3db471f9d44c0.mp4,validation,0,20,20,1
39960e5e099a45ca,data/raw/kvasir_capsule/osfstorage/labelled_videos/39960e5e099a45ca.mp4,test,0,37,37,3
39960e5e099a45ca,data/raw/kvasir_capsule/osfstorage/labelled_videos/39960e5e099a45ca.mp4,train,0,162,162,3
39960e5e099a45ca,data/raw/kvasir_capsule/osfstorage/labelled_videos/39960e5e099a45ca.mp4,validation,0,38,38,2
3ada4222967f421d,data/raw/kvasir_capsule/osfstorage/labelled_videos/3ada4222967f421d.mp4,test,0,154,154,2
3ada4222967f421d,data/raw/kvasir_capsule/osfstorage/labelled_videos/3ada4222967f421d.mp4,train,0,706,706,4
3ada4222967f421d,data/raw/kvasir_capsule/osfstorage/labelled_videos/3ada4222967f421d.mp4,validation,0,142,142,4
3c8d5f0b90d7475d,data/raw/kvasir_capsule/osfstorage/labelled_videos/3c8d5f0b90d7475d.mp4,test,0,265,265,1
3c8d5f0b90d7475d,data/raw/kvasir_capsule/osfstorage/labelled_videos/3c8d5f0b90d7475d.mp4,train,0,1172,1172,2
3c8d5f0b90d7475d,data/raw/kvasir_capsule/osfstorage/labelled_videos/3c8d5f0b90d7475d.mp4,validation,0,267,267,2
4560e83f9afc4685,data/raw/kvasir_capsule/osfstorage/labelled_videos/4560e83f9afc4685.mp4,test,0,132,132,3
4560e83f9afc4685,data/raw/kvasir_capsule/osfstorage/labelled_videos/4560e83f9afc4685.mp4,train,0,514,514,3
4560e83f9afc4685,data/raw/kvasir_capsule/osfstorage/labelled_videos/4560e83f9afc4685.mp4,validation,0,134,134,3
48579eec79784294,data/raw/kvasir_capsule/osfstorage/labelled_videos/48579eec79784294.mp4,test,0,219,219,6
48579eec79784294,data/raw/kvasir_capsule/osfstorage/labelled_videos/48579eec79784294.mp4,train,0,961,961,6
48579eec79784294,data/raw/kvasir_capsule/osfstorage/labelled_videos/48579eec79784294.mp4,validation,0,199,199,5
495f16498db34d3c,data/raw/kvasir_capsule/osfstorage/labelled_videos/495f16498db34d3c.mp4,test,0,52,52,2
495f16498db34d3c,data/raw/kvasir_capsule/osfstorage/labelled_videos/495f16498db34d3c.mp4,train,0,224,224,2
495f16498db34d3c,data/raw/kvasir_capsule/osfstorage/labelled_videos/495f16498db34d3c.mp4,validation,0,47,47,2
4aebc5cb2d4847aa,data/raw/kvasir_capsule/osfstorage/labelled_videos/4aebc5cb2d4847aa.mp4,test,0,13,13,1
4aebc5cb2d4847aa,data/raw/kvasir_capsule/osfstorage/labelled_videos/4aebc5cb2d4847aa.mp4,train,0,65,65,1
4aebc5cb2d4847aa,data/raw/kvasir_capsule/osfstorage/labelled_videos/4aebc5cb2d4847aa.mp4,validation,0,12,12,1
5bb1d3cc7dc64cec,data/raw/kvasir_capsule/osfstorage/labelled_videos/5bb1d3cc7dc64cec.mp4,test,0,126,126,3
5bb1d3cc7dc64cec,data/raw/kvasir_capsule/osfstorage/labelled_videos/5bb1d3cc7dc64cec.mp4,train,0,560,560,3
5bb1d3cc7dc64cec,data/raw/kvasir_capsule/osfstorage/labelled_videos/5bb1d3cc7dc64cec.mp4,validation,0,102,102,3
5e59c7fdb16c4228,data/raw/kvasir_capsule/osfstorage/labelled_videos/5e59c7fdb16c4228.mp4,test,0,351,351,5
5e59c7fdb16c4228,data/raw/kvasir_capsule/osfstorage/labelled_videos/5e59c7fdb16c4228.mp4,train,0,1679,1679,5
5e59c7fdb16c4228,data/raw/kvasir_capsule/osfstorage/labelled_videos/5e59c7fdb16c4228.mp4,validation,0,364,364,5
5e9beaf4e66142c8,data/raw/kvasir_capsule/osfstorage/labelled_videos/5e9beaf4e66142c8.mp4,test,0,62,62,2
5e9beaf4e66142c8,data/raw/kvasir_capsule/osfstorage/labelled_videos/5e9beaf4e66142c8.mp4,train,0,326,326,2
5e9beaf4e66142c8,data/raw/kvasir_capsule/osfstorage/labelled_videos/5e9beaf4e66142c8.mp4,validation,0,76,76,2
64440803f87b4843,data/raw/kvasir_capsule/osfstorage/labelled_videos/64440803f87b4843.mp4,test,0,339,339,6
64440803f87b4843,data/raw/kvasir_capsule/osfstorage/labelled_videos/64440803f87b4843.mp4,train,0,1487,1487,6
64440803f87b4843,data/raw/kvasir_capsule/osfstorage/labelled_videos/64440803f87b4843.mp4,validation,0,333,333,6
6cb700585c4f4070,data/raw/kvasir_capsule/osfstorage/labelled_videos/6cb700585c4f4070.mp4,test,0,147,147,2
6cb700585c4f4070,data/raw/kvasir_capsule/osfstorage/labelled_videos/6cb700585c4f4070.mp4,train,0,600,600,2
6cb700585c4f4070,data/raw/kvasir_capsule/osfstorage/labelled_videos/6cb700585c4f4070.mp4,validation,0,137,137,2
7a47e8eacea04e64,data/raw/kvasir_capsule/osfstorage/labelled_videos/7a47e8eacea04e64.mp4,test,0,63,63,3
7a47e8eacea04e64,data/raw/kvasir_capsule/osfstorage/labelled_videos/7a47e8eacea04e64.mp4,train,0,310,310,4
7a47e8eacea04e64,data/raw/kvasir_capsule/osfstorage/labelled_videos/7a47e8eacea04e64.mp4,validation,0,63,63,4
7ad22d50ebaf4596,data/raw/kvasir_capsule/osfstorage/labelled_videos/7ad22d50ebaf4596.mp4,test,0,122,122,4
7ad22d50ebaf4596,data/raw/kvasir_capsule/osfstorage/labelled_videos/7ad22d50ebaf4596.mp4,train,0,522,522,4
7ad22d50ebaf4596,data/raw/kvasir_capsule/osfstorage/labelled_videos/7ad22d50ebaf4596.mp4,validation,0,96,96,4
8885668afb844852,data/raw/kvasir_capsule/osfstorage/labelled_videos/8885668afb844852.mp4,test,0,321,321,5
8885668afb844852,data/raw/kvasir_capsule/osfstorage/labelled_videos/8885668afb844852.mp4,train,0,1404,1404,5
8885668afb844852,data/raw/kvasir_capsule/osfstorage/labelled_videos/8885668afb844852.mp4,validation,0,296,296,5
89cdd41258c542c5,data/raw/kvasir_capsule/osfstorage/labelled_videos/89cdd41258c542c5.mp4,test,0,155,155,2
89cdd41258c542c5,data/raw/kvasir_capsule/osfstorage/labelled_videos/89cdd41258c542c5.mp4,train,0,856,856,2
89cdd41258c542c5,data/raw/kvasir_capsule/osfstorage/labelled_videos/89cdd41258c542c5.mp4,validation,0,187,187,2
8a00709108cd4e2b,data/raw/kvasir_capsule/osfstorage/labelled_videos/8a00709108cd4e2b.mp4,test,0,73,73,2
8a00709108cd4e2b,data/raw/kvasir_capsule/osfstorage/labelled_videos/8a00709108cd4e2b.mp4,train,0,405,405,2
8a00709108cd4e2b,data/raw/kvasir_capsule/osfstorage/labelled_videos/8a00709108cd4e2b.mp4,validation,0,64,64,2
8ebf0e483cac48d6,data/raw/kvasir_capsule/osfstorage/labelled_videos/8ebf0e483cac48d6.mp4,test,0,171,171,6
8ebf0e483cac48d6,data/raw/kvasir_capsule/osfstorage/labelled_videos/8ebf0e483cac48d6.mp4,train,0,748,748,6
8ebf0e483cac48d6,data/raw/kvasir_capsule/osfstorage/labelled_videos/8ebf0e483cac48d6.mp4,validation,0,158,158,6
ad91cf7ca91440aa,data/raw/kvasir_capsule/osfstorage/labelled_videos/ad91cf7ca91440aa.mp4,test,0,10,10,2
ad91cf7ca91440aa,data/raw/kvasir_capsule/osfstorage/labelled_videos/ad91cf7ca91440aa.mp4,train,0,52,52,3
ad91cf7ca91440aa,data/raw/kvasir_capsule/osfstorage/labelled_videos/ad91cf7ca91440aa.mp4,validation,0,12,12,2
af9bd7d0e43741e3,data/raw/kvasir_capsule/osfstorage/labelled_videos/af9bd7d0e43741e3.mp4,test,0,62,62,3
af9bd7d0e43741e3,data/raw/kvasir_capsule/osfstorage/labelled_videos/af9bd7d0e43741e3.mp4,train,0,308,308,3
af9bd7d0e43741e3,data/raw/kvasir_capsule/osfstorage/labelled_videos/af9bd7d0e43741e3.mp4,validation,0,61,61,3
b2134f4a6f864613,data/raw/kvasir_capsule/osfstorage/labelled_videos/b2134f4a6f864613.mp4,test,0,196,196,3
b2134f4a6f864613,data/raw/kvasir_capsule/osfstorage/labelled_videos/b2134f4a6f864613.mp4,train,0,912,912,3
b2134f4a6f864613,data/raw/kvasir_capsule/osfstorage/labelled_videos/b2134f4a6f864613.mp4,validation,0,189,189,3
bc84479c66fe4da6,data/raw/kvasir_capsule/osfstorage/labelled_videos/bc84479c66fe4da6.mp4,test,0,284,284,3
bc84479c66fe4da6,data/raw/kvasir_capsule/osfstorage/labelled_videos/bc84479c66fe4da6.mp4,train,0,1317,1317,3
bc84479c66fe4da6,data/raw/kvasir_capsule/osfstorage/labelled_videos/bc84479c66fe4da6.mp4,validation,0,290,290,3
bca26705313a4644,data/raw/kvasir_capsule/osfstorage/labelled_videos/bca26705313a4644.mp4,test,0,190,190,4
bca26705313a4644,data/raw/kvasir_capsule/osfstorage/labelled_videos/bca26705313a4644.mp4,train,0,1024,1024,4
bca26705313a4644,data/raw/kvasir_capsule/osfstorage/labelled_videos/bca26705313a4644.mp4,validation,0,235,235,4
c11b28a8b2344716,data/raw/kvasir_capsule/osfstorage/labelled_videos/c11b28a8b2344716.mp4,test,0,164,164,3
c11b28a8b2344716,data/raw/kvasir_capsule/osfstorage/labelled_videos/c11b28a8b2344716.mp4,train,0,695,695,3
c11b28a8b2344716,data/raw/kvasir_capsule/osfstorage/labelled_videos/c11b28a8b2344716.mp4,validation,0,141,141,3
c7084b3556e34619,data/raw/kvasir_capsule/osfstorage/labelled_videos/c7084b3556e34619.mp4,test,0,173,173,3
c7084b3556e34619,data/raw/kvasir_capsule/osfstorage/labelled_videos/c7084b3556e34619.mp4,train,0,648,648,3
c7084b3556e34619,data/raw/kvasir_capsule/osfstorage/labelled_videos/c7084b3556e34619.mp4,validation,0,155,155,3
d369e4f163df4aba,data/raw/kvasir_capsule/osfstorage/labelled_videos/d369e4f163df4aba.mp4,test,0,182,182,4
d369e4f163df4aba,data/raw/kvasir_capsule/osfstorage/labelled_videos/d369e4f163df4aba.mp4,train,0,956,956,4
d369e4f163df4aba,data/raw/kvasir_capsule/osfstorage/labelled_videos/d369e4f163df4aba.mp4,validation,0,190,190,3
d626f4f4a5ac4785,data/raw/kvasir_capsule/osfstorage/labelled_videos/d626f4f4a5ac4785.mp4,test,0,90,90,3
d626f4f4a5ac4785,data/raw/kvasir_capsule/osfstorage/labelled_videos/d626f4f4a5ac4785.mp4,train,0,457,457,3
d626f4f4a5ac4785,data/raw/kvasir_capsule/osfstorage/labelled_videos/d626f4f4a5ac4785.mp4,validation,0,96,96,3
d7a271f233ba4a40,data/raw/kvasir_capsule/osfstorage/labelled_videos/d7a271f233ba4a40.mp4,test,0,140,140,3
d7a271f233ba4a40,data/raw/kvasir_capsule/osfstorage/labelled_videos/d7a271f233ba4a40.mp4,train,0,667,667,3
d7a271f233ba4a40,data/raw/kvasir_capsule/osfstorage/labelled_videos/d7a271f233ba4a40.mp4,validation,0,138,138,3
dac1e27f7e4d4ef5,data/raw/kvasir_capsule/osfstorage/labelled_videos/dac1e27f7e4d4ef5.mp4,test,0,309,309,4
dac1e27f7e4d4ef5,data/raw/kvasir_capsule/osfstorage/labelled_videos/dac1e27f7e4d4ef5.mp4,train,0,1519,1519,4
dac1e27f7e4d4ef5,data/raw/kvasir_capsule/osfstorage/labelled_videos/dac1e27f7e4d4ef5.mp4,validation,0,324,324,4
dc221ccc65d34010,data/raw/kvasir_capsule/osfstorage/labelled_videos/dc221ccc65d34010.mp4,test,0,252,252,3
dc221ccc65d34010,data/raw/kvasir_capsule/osfstorage/labelled_videos/dc221ccc65d34010.mp4,train,0,1260,1260,3
dc221ccc65d34010,data/raw/kvasir_capsule/osfstorage/labelled_videos/dc221ccc65d34010.mp4,validation,0,277,277,3
dca1377dec974312,data/raw/kvasir_capsule/osfstorage/labelled_videos/dca1377dec974312.mp4,test,0,189,189,3
dca1377dec974312,data/raw/kvasir_capsule/osfstorage/labelled_videos/dca1377dec974312.mp4,train,0,846,846,3
dca1377dec974312,data/raw/kvasir_capsule/osfstorage/labelled_videos/dca1377dec974312.mp4,validation,0,181,181,3
df6b47bafe5143f5,data/raw/kvasir_capsule/osfstorage/labelled_videos/df6b47bafe5143f5.mp4,test,0,221,221,3
df6b47bafe5143f5,data/raw/kvasir_capsule/osfstorage/labelled_videos/df6b47bafe5143f5.mp4,train,0,1082,1082,3
df6b47bafe5143f5,data/raw/kvasir_capsule/osfstorage/labelled_videos/df6b47bafe5143f5.mp4,validation,0,227,227,3
eb0203196e284797,data/raw/kvasir_capsule/osfstorage/labelled_videos/eb0203196e284797.mp4,test,0,150,149,5
eb0203196e284797,data/raw/kvasir_capsule/osfstorage/labelled_videos/eb0203196e284797.mp4,train,0,590,584,5
eb0203196e284797,data/raw/kvasir_capsule/osfstorage/labelled_videos/eb0203196e284797.mp4,validation,0,133,131,5
ed02f27ef36f483e,data/raw/kvasir_capsule/osfstorage/labelled_videos/ed02f27ef36f483e.mp4,test,0,92,92,3
ed02f27ef36f483e,data/raw/kvasir_capsule/osfstorage/labelled_videos/ed02f27ef36f483e.mp4,train,0,409,409,3
ed02f27ef36f483e,data/raw/kvasir_capsule/osfstorage/labelled_videos/ed02f27ef36f483e.mp4,validation,0,86,86,3
fb86bc87d3874cd7,data/raw/kvasir_capsule/osfstorage/labelled_videos/fb86bc87d3874cd7.mp4,test,0,304,303,3
fb86bc87d3874cd7,data/raw/kvasir_capsule/osfstorage/labelled_videos/fb86bc87d3874cd7.mp4,train,0,1489,1489,3
fb86bc87d3874cd7,data/raw/kvasir_capsule/osfstorage/labelled_videos/fb86bc87d3874cd7.mp4,validation,0,292,292,3
fc32def0e7194981,data/raw/kvasir_capsule/osfstorage/labelled_videos/fc32def0e7194981.mp4,test,0,191,191,2
fc32def0e7194981,data/raw/kvasir_capsule/osfstorage/labelled_videos/fc32def0e7194981.mp4,train,0,983,983,2
fc32def0e7194981,data/raw/kvasir_capsule/osfstorage/labelled_videos/fc32def0e7194981.mp4,validation,0,206,206,2
fe5d372e43f94f68,data/raw/kvasir_capsule/osfstorage/labelled_videos/fe5d372e43f94f68.mp4,test,0,82,82,3
fe5d372e43f94f68,data/raw/kvasir_capsule/osfstorage/labelled_videos/fe5d372e43f94f68.mp4,train,0,396,396,3
fe5d372e43f94f68,data/raw/kvasir_capsule/osfstorage/labelled_videos/fe5d372e43f94f68.mp4,validation,0,76,76,3
