video_key,ampulla of vater,angiectasia,blood fresh,blood hematin,erosion,erythema,foreign body,ileocecal valve,lymphangiectasia,normal clean mucosa,polyp,pylorus,reduced mucosal view,ulcer
04a78ef00c5245e0,0,1,1,0,0,0,0,1,1,1,0,1,0,0
0531325b64674948,0,0,0,0,1,0,0,0,0,1,0,1,0,0
0728084c8da942d9,0,0,0,0,1,0,0,1,0,1,0,1,0,0
07c1fa15a20a4398,0,0,0,0,0,0,0,1,0,1,0,0,0,0
131368cc17e44240,0,0,0,0,0,0,0,1,0,1,1,1,0,0
2fc3db471f9d44c0,0,0,0,0,0,0,0,0,0,0,0,0,0,1
39960e5e099a45ca,0,0,0,0,0,0,0,1,0,1,0,1,0,0
3ada4222967f421d,0,0,0,0,0,0,1,1,0,1,0,1,0,0
3c8d5f0b90d7475d,0,0,0,0,0,0,0,1,0,1,0,0,0,0
4560e83f9afc4685,0,0,0,0,0,0,0,1,0,1,0,1,0,0
48579eec79784294,0,0,0,0,0,1,1,1,0,1,0,1,1,0
495f16498db34d3c,0,0,0,0,0,0,0,1,0,1,0,0,0,0
4aebc5cb2d4847aa,0,0,0,0,0,0,0,1,0,0,0,0,0,0
5bb1d3cc7dc64cec,0,0,0,0,0,0,0,1,0,1,0,0,1,0
5e59c7fdb16c4228,0,0,0,0,1,1,0,1,0,1,0,1,0,0
5e9beaf4e66142c8,0,0,0,0,0,0,0,1,0,1,0,0,0,0
64440803f87b4843,0,1,0,0,0,1,0,1,1,1,0,1,0,0
6cb700585c4f4070,0,0,0,0,0,0,0,1,0,1,0,0,0,0
7a47e8eacea04e64,0,0,0,0,0,0,1,1,0,0,0,1,0,1
7ad22d50ebaf4596,0,0,0,0,0,0,0,1,1,1,0,1,0,0
8885668afb844852,0,0,0,0,0,0,1,1,0,1,0,1,1,0
89cdd41258c542c5,0,0,0,0,0,0,0,0,0,1,0,1,0,0
8a00709108cd4e2b,0,0,0,0,0,0,0,1,0,1,0,0,0,0
8ebf0e483cac48d6,0,0,0,1,1,0,0,1,0,1,0,1,1,0
ad91cf7ca91440aa,0,1,0,0,0,0,0,1,0,0,0,1,0,0
af9bd7d0e43741e3,0,0,0,0,0,0,0,1,0,0,0,1,1,0
b2134f4a6f864613,0,1,0,0,0,0,0,0,0,1,0,1,0,0
bc84479c66fe4da6,0,0,0,0,0,0,0,1,0,1,0,1,0,0
bca26705313a4644,0,0,0,0,1,0,0,1,0,1,0,1,0,0
c11b28a8b2344716,0,0,0,0,0,0,0,0,0,1,0,1,1,0
c7084b3556e34619,0,0,0,0,0,0,0,1,0,1,0,1,0,0
d369e4f163df4aba,0,1,1,0,0,0,0,0,0,1,0,1,0,0
d626f4f4a5ac4785,0,0,0,0,1,0,0,0,0,0,0,1,0,1
d7a271f233ba4a40,0,0,0,0,0,0,0,1,0,1,0,1,0,0
dac1e27f7e4d4ef5,0,0,0,0,1,0,0,1,0,1,0,1,0,0
dc221ccc65d34010,0,0,0,0,0,0,0,1,0,1,0,0,1,0
dca1377dec974312,0,0,0,0,0,0,0,1,0,1,0,1,0,0
df6b47bafe5143f5,0,0,0,0,0,0,0,1,0,1,0,1,0,0
eb0203196e284797,1,1,0,0,1,0,0,0,0,1,0,1,0,0
ed02f27ef36f483e,0,0,0,0,0,0,0,1,0,1,0,1,0,0
fb86bc87d3874cd7,0,0,0,0,1,0,0,0,0,1,0,1,0,0
fc32def0e7194981,0,0,0,0,0,0,0,1,0,1,0,0,0,0
fe5d372e43f94f68,0,0,0,0,0,0,0,1,0,1,0,1,0,0
