video_key,score_source,current_run_seconds,cache_rebuild_reason,retried_cached_video,previous_error_counts,original_video_copy_seconds,original_decoder_open_seconds,original_decode_seconds,original_reference_read_seconds,original_ssim_seconds,original_memory_wait_seconds,original_total_seconds,original_frames_returned,original_decoder_batch_calls,original_ssim_comparisons,original_completed_candidates,original_cuda_stream_id,original_cpu_fallback,original_indexed_frame_count,original_reference_gpu_images,original_video_decode_backend,original_ssim_device
04a78ef00c5245e0,computed_gpu_preferred_v5,996.7661995859999,"Inputs/engine changed, or this video was not committed.",False,,175.72920136499988,0.131275530000039,0.8483744190002653,816.291815619001,0.822077435998608,0.0005497999989074742,993.9205253179998,1673,81,6460,6460,135428641974752,False,50986,1292,torchcodec_cuda/nvdec,cuda:0
0531325b64674948,computed_gpu_preferred_v5,960.3460700129999,"Inputs/engine changed, or this video was not committed.",False,,158.5399364729999,0.06723326999986057,0.7339408529994671,797.4160704549984,0.7977133469987621,0.0005892199992558744,957.6098823560003,1504,75,5955,5955,135428641849968,False,16151,1191,torchcodec_cuda/nvdec,cuda:0
0728084c8da942d9,computed_gpu_preferred_v5,1044.177127257,"Inputs/engine changed, or this video was not committed.",False,,87.90795416800006,0.13645802899986847,0.9521079919998101,950.9507098450008,0.9434446900027069,0.0006366600002820633,1040.985572822,1933,94,7495,7495,135428640399248,False,48948,1499,torchcodec_cuda/nvdec,cuda:0
07c1fa15a20a4398,computed_gpu_preferred_v5,702.476157409,"Inputs/engine changed, or this video was not committed.",False,,114.83278970699985,0.1002386000000115,0.3954762639996261,584.9347292249995,0.4248580339997261,0.00029919000030531606,700.7415717599999,860,43,3387,3390,135428641140368,False,38620,678,torchcodec_cuda/nvdec,cuda:0
131368cc17e44240,computed_gpu_preferred_v5,1137.7047055269998,"Inputs/engine changed, or this video was not committed.",False,,120.781329444,0.09477457000002687,1.2464404690012998,1010.5085326289995,1.317768778001664,0.000881068997841794,1134.0426682979999,2570,128,10170,10170,135428640666608,False,31721,2034,torchcodec_cuda/nvdec,cuda:0
2fc3db471f9d44c0,computed_gpu_preferred_v5,279.79372395300015,"Inputs/engine changed, or this video was not committed.",False,,49.16315084200005,0.18215043899999728,0.08884570899977007,229.30851969600008,0.0800828219998948,6.58399999338144e-05,278.898570308,174,8,635,635,135428640512720,False,76859,127,torchcodec_cuda/nvdec,cuda:0
39960e5e099a45ca,computed_gpu_preferred_v5,335.16574548799986,"Inputs/engine changed, or this video was not committed.",False,,17.294094189999896,0.09539214900019033,0.15741549000017585,316.5735563440003,0.16262217000007695,0.00012824999998883868,334.3197537630001,309,15,1185,1185,135428640397600,False,32943,237,torchcodec_cuda/nvdec,cuda:0
3ada4222967f421d,computed_gpu_preferred_v5,875.6865398180003,"Inputs/engine changed, or this video was not committed.",False,,138.58863507,0.10102436000011039,0.7297520419997454,733.2153689570016,0.6258743529990625,0.0004291800000828516,873.3209159420003,1458,63,5007,5010,135428641419024,False,40529,1002,torchcodec_cuda/nvdec,cuda:0
3c8d5f0b90d7475d,computed_gpu_preferred_v5,1092.85817574,"Inputs/engine changed, or this video was not committed.",False,,175.67608896699994,0.11000344900003256,0.9997262090000731,911.5397487030014,1.0822358519974387,0.0007251499991980381,1089.5037549689998,2150,107,8517,8520,135428640397600,False,45033,1704,torchcodec_cuda/nvdec,cuda:0
4560e83f9afc4685,computed_gpu_preferred_v5,749.4986897429999,"Inputs/engine changed, or this video was not committed.",False,,48.225906386999895,0.09386203000008209,0.48083317300120143,698.1403001370002,0.49692555700016783,0.00032053999848358217,747.4897280340001,984,49,3900,3900,135428640650768,False,35019,780,torchcodec_cuda/nvdec,cuda:0
48579eec79784294,computed_gpu_preferred_v5,1028.5327462770001,"Inputs/engine changed, or this video was not committed.",False,,144.61471572899995,0.09950728999979219,0.9052051760029372,878.9271124719969,0.862855478000256,0.0006431100018744473,1025.493518553,1768,87,6895,6895,135428642112800,False,34379,1379,torchcodec_cuda/nvdec,cuda:0
495f16498db34d3c,computed_gpu_preferred_v5,408.374883726,"Inputs/engine changed, or this video was not committed.",False,,24.491387218,0.09371138000005885,0.1911461600000166,382.24187854199954,0.21511605100045017,0.0001550500003304478,407.27232149099996,413,21,1612,1615,135428640525984,False,32894,323,torchcodec_cuda/nvdec,cuda:0
4aebc5cb2d4847aa,computed_gpu_preferred_v5,227.2152107080001,"Inputs/engine changed, or this video was not committed.",False,,24.830524135999894,0.08743907999996736,0.05563278000022365,201.37743552600023,0.05768769999986034,5.723999993278994e-05,226.45254209199993,112,6,447,450,135428640397632,False,28554,90,torchcodec_cuda/nvdec,cuda:0
5bb1d3cc7dc64cec,computed_gpu_preferred_v5,765.6912482940002,"Inputs/engine changed, or this video was not committed.",False,,98.68786299499993,0.09725617000003695,0.5066503969990208,663.8599083720005,0.5014035219990092,0.000351200000523022,763.7137161559999,1002,50,3937,3940,135428641222656,False,34183,788,torchcodec_cuda/nvdec,cuda:0
5e59c7fdb16c4228,computed_gpu_preferred_v5,1158.3171327689997,"Inputs/engine changed, or this video was not committed.",False,,87.69502130000001,0.11248679899995295,1.5156523250032023,1063.7416612540048,1.531433303002359,0.0010037300025942386,1154.7002744889999,3102,150,11970,11970,135428641071344,False,47978,2394,torchcodec_cuda/nvdec,cuda:0
5e9beaf4e66142c8,computed_gpu_preferred_v5,549.20474552,"Inputs/engine changed, or this video was not committed.",False,,89.73365075800007,0.12408513900004436,0.28198126499933096,457.3411540400007,0.3112631230003444,0.00023176000058811042,547.853605155,586,29,2317,2320,135428640653344,False,49340,464,torchcodec_cuda/nvdec,cuda:0
64440803f87b4843,computed_gpu_preferred_v5,1149.260140185,"Inputs/engine changed, or this video was not committed.",False,,164.66471148999995,0.08619670999996742,1.431373906002591,978.034257838998,1.3742446500011738,0.0009688700019978569,1145.6826607649998,2862,135,10795,10795,135428640653344,False,33069,2159,torchcodec_cuda/nvdec,cuda:0
6cb700585c4f4070,computed_gpu_preferred_v5,800.808408807,"Inputs/engine changed, or this video was not committed.",False,,47.96113191900008,0.07473342000002958,0.5032579340004304,749.4047955519995,0.5567894769992563,0.0003711199999543169,798.5415479709998,1118,56,4417,4420,135428641350000,False,26595,884,torchcodec_cuda/nvdec,cuda:0
7a47e8eacea04e64,computed_gpu_preferred_v5,509.39703417500004,"Inputs/engine changed, or this video was not committed.",False,,33.949713234,0.15341449899983672,0.3364438219989552,473.385409664,0.2911133599993718,0.00021721999996771046,508.20074424999984,588,28,2180,2180,135428640581744,False,65859,436,torchcodec_cuda/nvdec,cuda:0
7ad22d50ebaf4596,computed_gpu_preferred_v5,741.2226821280001,"Inputs/engine changed, or this video was not committed.",False,,72.41828519599994,0.1117971099999977,0.6002286430002641,665.668193780001,0.46355740100011644,0.00032777900059954845,739.3216797889997,1083,47,3700,3700,135428641209392,False,33769,740,torchcodec_cuda/nvdec,cuda:0
8885668afb844852,computed_gpu_preferred_v5,1135.253905977,"Inputs/engine changed, or this video was not committed.",False,,113.60588869399999,0.12176384899998993,1.2812061490017186,1015.1718511030008,1.3110657170002469,0.0009381099987422203,1131.5971398790002,2575,127,10105,10105,135428640595008,False,38804,2021,torchcodec_cuda/nvdec,cuda:0
89cdd41258c542c5,computed_gpu_preferred_v5,961.3030828350002,"Inputs/engine changed, or this video was not committed.",False,,193.06631153600006,0.08491260000005241,0.726394562998621,763.8182652099986,0.7558517799984656,0.0005856699997366377,958.525381807,1514,75,5990,5990,135428641905728,False,29792,1198,torchcodec_cuda/nvdec,cuda:0
8a00709108cd4e2b,computed_gpu_preferred_v5,612.9390725579999,"Inputs/engine changed, or this video was not committed.",False,,145.832906203,0.05761552000012671,0.32882273400036865,464.863392212,0.3411919039992881,0.0002474199980042613,611.452278513,688,34,2707,2710,135428640666608,False,17634,542,torchcodec_cuda/nvdec,cuda:0
8ebf0e483cac48d6,computed_gpu_preferred_v5,906.77900396,"Inputs/engine changed, or this video was not committed.",False,,113.62164956399988,0.09322493900003792,0.7666774410008657,788.6353513259992,0.6755058249989361,0.0005330999999841879,903.8664462530003,1397,68,5385,5385,135428642043776,False,29944,1077,torchcodec_cuda/nvdec,cuda:0
ad91cf7ca91440aa,computed_gpu_preferred_v5,100.3092474670002,"Inputs/engine changed, or this video was not committed.",False,,5.013529062000089,1.677393759999859,0.08284194999964711,83.82465193099983,0.09738563999962935,5.248999991636083e-05,90.74341048199994,110,5,370,370,135428640399248,False,32594,74,torchcodec_cuda/nvdec,cuda:0
af9bd7d0e43741e3,computed_gpu_preferred_v5,530.839888211,"Inputs/engine changed, or this video was not committed.",False,,115.19457417500007,0.11173028899997917,0.28316804199994294,413.61004198700016,0.2691504439997061,0.00017688999992060417,529.5229621570002,547,27,2155,2155,135428640595008,False,35846,431,torchcodec_cuda/nvdec,cuda:0
b2134f4a6f864613,computed_gpu_preferred_v5,1000.2484140649999,"Inputs/engine changed, or this video was not committed.",False,,129.78914597800008,0.086935449000066,0.8034900149991699,865.6268079859992,0.8139294589998372,0.0006033400006799639,997.193114723,1672,82,6485,6485,135428641988016,False,29444,1297,torchcodec_cuda/nvdec,cuda:0
bc84479c66fe4da6,computed_gpu_preferred_v5,1118.103142153,"Inputs/engine changed, or this video was not committed.",False,,87.9030012080002,0.1866671289999431,1.080786261000867,1024.2279368090008,1.217693604001397,0.0008893300018826267,1114.749366829,2375,119,9455,9455,135428640525984,False,72699,1891,torchcodec_cuda/nvdec,cuda:0
bca26705313a4644,computed_gpu_preferred_v5,1038.764997773,"Inputs/engine changed, or this video was not committed.",False,,144.56041591999997,0.13134859000001597,1.0332750790021237,888.929689038999,0.9131131700009973,0.0005921309991663293,1035.6749352569998,1907,91,7245,7245,135428640397632,False,48413,1449,torchcodec_cuda/nvdec,cuda:0
c11b28a8b2344716,computed_gpu_preferred_v5,893.7250804349999,"Inputs/engine changed, or this video was not committed.",False,,214.3258831159999,0.22064327999987654,0.6139850349986773,675.339361565,0.6353698330001407,0.0004421699986778549,891.2893646079999,1264,63,5000,5000,135428641780944,False,101702,1000,torchcodec_cuda/nvdec,cuda:0
c7084b3556e34619,computed_gpu_preferred_v5,850.9134794180002,"Inputs/engine changed, or this video was not committed.",False,,63.960183358999984,0.18010731899994425,0.5913706259998435,782.9753630029984,0.6109392059991023,0.0004004599993550073,848.4235257710002,1240,61,4880,4880,135428641836704,False,84324,976,torchcodec_cuda/nvdec,cuda:0
d369e4f163df4aba,computed_gpu_preferred_v5,1006.1127346840001,"Inputs/engine changed, or this video was not committed.",False,,211.027212664,0.21125038900004256,0.8818040849987483,790.045207742003,0.8514220419999674,0.0005907500028570212,1003.1766244869998,1788,83,6640,6640,135428642057040,False,87357,1328,torchcodec_cuda/nvdec,cuda:0
d626f4f4a5ac4785,computed_gpu_preferred_v5,694.0007362670001,"Inputs/engine changed, or this video was not committed.",False,,191.81596710600002,0.13403479999988122,0.5723396020011933,499.1862347049996,0.403709244999618,0.00032663000024513167,692.189108868,1106,41,3215,3215,135428641153632,False,52276,643,torchcodec_cuda/nvdec,cuda:0
d7a271f233ba4a40,computed_gpu_preferred_v5,854.633794502,"Inputs/engine changed, or this video was not committed.",False,,145.26330238600008,0.1005070500000329,0.6202885500008506,705.6919875170004,0.595861451998644,0.0004139000013765326,852.3348554850002,1205,60,4725,4725,135428641363264,False,34926,945,torchcodec_cuda/nvdec,cuda:0
dac1e27f7e4d4ef5,computed_gpu_preferred_v5,1141.0464975000002,"Inputs/engine changed, or this video was not committed.",False,,40.05707306999989,0.09695317999990039,1.3778447229979065,1094.3325153150015,1.3669217869960448,0.001022149998561872,1137.3437628519998,2737,135,10760,10760,135428641084608,False,31196,2152,torchcodec_cuda/nvdec,cuda:0
dc221ccc65d34010,computed_gpu_preferred_v5,1100.1982499790001,"Inputs/engine changed, or this video was not committed.",False,,70.99899520400004,0.1908648290000201,1.097621042001947,1023.202407899003,1.1252745370015873,0.0008176199955869379,1096.7577946470003,2251,112,8942,8945,135428640512720,False,84340,1789,torchcodec_cuda/nvdec,cuda:0
dca1377dec974312,computed_gpu_preferred_v5,964.7184324259999,"Inputs/engine changed, or this video was not committed.",False,,158.45419453399995,0.17161065999994207,0.7368622879985196,801.6184239579998,0.774900979999984,0.000579189999598384,961.8813173489998,1544,76,6080,6080,135428641918992,False,74384,1216,torchcodec_cuda/nvdec,cuda:0
df6b47bafe5143f5,computed_gpu_preferred_v5,1050.6890213360002,"Inputs/engine changed, or this video was not committed.",False,,53.32171477099996,0.05852259900007084,0.9527593680006703,992.1569457840012,0.9791262720013947,0.0006804400022701884,1047.5351752729998,1940,96,7647,7650,135428641278416,False,19237,1530,torchcodec_cuda/nvdec,cuda:0
eb0203196e284797,computed_gpu_preferred_v5,816.9837602589998,"Inputs/engine changed, or this video was not committed.",False,,155.90089401199998,0.08185944000001655,0.600846048999756,657.6545337339994,0.5709697760007657,0.0003875500017329614,814.8618248299999,1153,55,4360,4360,135428641294240,False,28383,872,torchcodec_cuda/nvdec,cuda:0
ed02f27ef36f483e,computed_gpu_preferred_v5,654.3820072369999,"Inputs/engine changed, or this video was not committed.",False,,177.51154274700002,0.1412559699999747,0.3658287859993834,474.3640117569994,0.3724538550000034,0.0002912399986598757,652.8363423360001,743,37,2935,2935,135428641071344,False,59281,587,torchcodec_cuda/nvdec,cuda:0
fb86bc87d3874cd7,computed_gpu_preferred_v5,1140.833602186,"Inputs/engine changed, or this video was not committed.",False,,120.94574799399993,0.19279951999988043,1.3667106820009849,1013.1473803889946,1.3331816369977787,0.0009653599984176253,1137.13854088,2663,131,10425,10425,135428640581744,False,67403,2085,torchcodec_cuda/nvdec,cuda:0
fc32def0e7194981,computed_gpu_preferred_v5,1021.619898657,"Inputs/engine changed, or this video was not committed.",False,,202.83603958999993,0.2071550399998614,0.8695025269994403,813.6295941020003,0.8864035479984977,0.0006363099976169906,1018.5817869719999,1742,87,6897,6900,135428642126064,False,89100,1380,torchcodec_cuda/nvdec,cuda:0
fe5d372e43f94f68,computed_gpu_preferred_v5,603.885398741,"Inputs/engine changed, or this video was not committed.",False,,64.75223015499978,0.07233212000005551,0.3307009010004549,536.7444357009992,0.3560892200005128,0.0002627100002428051,602.291900617,702,35,2770,2770,135428641084608,False,26777,554,torchcodec_cuda/nvdec,cuda:0
