filename,video_id,frame_number,finding_category,finding_class,x1,y1,x2,y2,x3,y3,x4,y4,finding_class_raw,finding_class_normalized,clinical_group,image_key,video_key,bbox_annotation_present,bbox_complete,bbox_invalid,has_bbox,bbox_xmin,bbox_ymin,bbox_xmax,bbox_ymax,bbox_width,bbox_height,bbox_area,alignment_mapping_id,alignment_image_path,alignment_video_path,alignment_input_status,alignment_input_error,alignment_offset,aligned_frame_index,alignment_ssim,alignment_ssim_margin,alignment_status,alignment_training_eligible
dc221ccc65d34010_84338.jpg,dc221ccc65d34010,84338,Anatomy,Ileocecal valve,,,,,,,,,Ileocecal valve,ileocecal valve,anatomical_landmark,dc221ccc65d3401084338,dc221ccc65d34010,False,False,False,False,,,,,,,,3286,/content/drive/MyDrive/MMVQA_Clinical/data/raw/kvasir_capsule/osfstorage/labelled_images/Ileocecal valve/dc221ccc65d34010_84338.jpg,/content/drive/MyDrive/MMVQA_Clinical/data/raw/kvasir_capsule/osfstorage/labelled_videos/dc221ccc65d34010.mp4,ready,,0,84338,0.9579324497115259,0.24389374442730016,incomplete_candidate_scores,False
dc221ccc65d34010_84339.jpg,dc221ccc65d34010,84339,Anatomy,Ileocecal valve,,,,,,,,,Ileocecal valve,ileocecal valve,anatomical_landmark,dc221ccc65d3401084339,dc221ccc65d34010,False,False,False,False,,,,,,,,3287,/content/drive/MyDrive/MMVQA_Clinical/data/raw/kvasir_capsule/osfstorage/labelled_images/Ileocecal valve/dc221ccc65d34010_84339.jpg,/content/drive/MyDrive/MMVQA_Clinical/data/raw/kvasir_capsule/osfstorage/labelled_videos/dc221ccc65d34010.mp4,ready,,0,84339,0.9573382581032324,0.24373998325157953,incomplete_candidate_scores,False
8a00709108cd4e2b_17632.jpg,8a00709108cd4e2b,17632,Anatomy,Ileocecal valve,,,,,,,,,Ileocecal valve,ileocecal valve,anatomical_landmark,8a00709108cd4e2b17632,8a00709108cd4e2b,False,False,False,False,,,,,,,,14630,/content/drive/MyDrive/MMVQA_Clinical/data/raw/kvasir_capsule/osfstorage/labelled_images/Ileocecal valve/8a00709108cd4e2b_17632.jpg,/content/drive/MyDrive/MMVQA_Clinical/data/raw/kvasir_capsule/osfstorage/labelled_videos/8a00709108cd4e2b.mp4,ready,,0,17632,0.9487181662679625,0.24711554182069384,incomplete_candidate_scores,False
8a00709108cd4e2b_17633.jpg,8a00709108cd4e2b,17633,Anatomy,Ileocecal valve,,,,,,,,,Ileocecal valve,ileocecal valve,anatomical_landmark,8a00709108cd4e2b17633,8a00709108cd4e2b,False,False,False,False,,,,,,,,14631,/content/drive/MyDrive/MMVQA_Clinical/data/raw/kvasir_capsule/osfstorage/labelled_images/Ileocecal valve/8a00709108cd4e2b_17633.jpg,/content/drive/MyDrive/MMVQA_Clinical/data/raw/kvasir_capsule/osfstorage/labelled_videos/8a00709108cd4e2b.mp4,ready,,0,17633,0.9515771943340156,0.3995482173330346,incomplete_candidate_scores,False
5bb1d3cc7dc64cec_34181.jpg,5bb1d3cc7dc64cec,34181,Anatomy,Ileocecal valve,,,,,,,,,Ileocecal valve,ileocecal valve,anatomical_landmark,5bb1d3cc7dc64cec34181,5bb1d3cc7dc64cec,False,False,False,False,,,,,,,,18637,/content/drive/MyDrive/MMVQA_Clinical/data/raw/kvasir_capsule/osfstorage/labelled_images/Ileocecal valve/5bb1d3cc7dc64cec_34181.jpg,/content/drive/MyDrive/MMVQA_Clinical/data/raw/kvasir_capsule/osfstorage/labelled_videos/5bb1d3cc7dc64cec.mp4,ready,,0,34181,0.96081437035307,0.03716402867281321,incomplete_candidate_scores,False
5bb1d3cc7dc64cec_34182.jpg,5bb1d3cc7dc64cec,34182,Anatomy,Ileocecal valve,,,,,,,,,Ileocecal valve,ileocecal valve,anatomical_landmark,5bb1d3cc7dc64cec34182,5bb1d3cc7dc64cec,False,False,False,False,,,,,,,,18638,/content/drive/MyDrive/MMVQA_Clinical/data/raw/kvasir_capsule/osfstorage/labelled_images/Ileocecal valve/5bb1d3cc7dc64cec_34182.jpg,/content/drive/MyDrive/MMVQA_Clinical/data/raw/kvasir_capsule/osfstorage/labelled_videos/5bb1d3cc7dc64cec.mp4,ready,,0,34182,0.9611124572657153,0.0377441622820911,incomplete_candidate_scores,False
07c1fa15a20a4398_38618.jpg,07c1fa15a20a4398,38618,Anatomy,Ileocecal valve,,,,,,,,,Ileocecal valve,ileocecal valve,anatomical_landmark,07c1fa15a20a439838618,07c1fa15a20a4398,False,False,False,False,,,,,,,,19751,/content/drive/MyDrive/MMVQA_Clinical/data/raw/kvasir_capsule/osfstorage/labelled_images/Ileocecal valve/07c1fa15a20a4398_38618.jpg,/content/drive/MyDrive/MMVQA_Clinical/data/raw/kvasir_capsule/osfstorage/labelled_videos/07c1fa15a20a4398.mp4,ready,,0,38618,0.9549405662325527,0.04938035923910289,incomplete_candidate_scores,False
07c1fa15a20a4398_38619.jpg,07c1fa15a20a4398,38619,Anatomy,Ileocecal valve,,,,,,,,,Ileocecal valve,ileocecal valve,anatomical_landmark,07c1fa15a20a439838619,07c1fa15a20a4398,False,False,False,False,,,,,,,,19752,/content/drive/MyDrive/MMVQA_Clinical/data/raw/kvasir_capsule/osfstorage/labelled_images/Ileocecal valve/07c1fa15a20a4398_38619.jpg,/content/drive/MyDrive/MMVQA_Clinical/data/raw/kvasir_capsule/osfstorage/labelled_videos/07c1fa15a20a4398.mp4,ready,,0,38619,0.954933365768711,0.049503349049932144,incomplete_candidate_scores,False
495f16498db34d3c_32892.jpg,495f16498db34d3c,32892,Anatomy,Ileocecal valve,,,,,,,,,Ileocecal valve,ileocecal valve,anatomical_landmark,495f16498db34d3c32892,495f16498db34d3c,False,False,False,False,,,,,,,,20074,/content/drive/MyDrive/MMVQA_Clinical/data/raw/kvasir_capsule/osfstorage/labelled_images/Ileocecal valve/495f16498db34d3c_32892.jpg,/content/drive/MyDrive/MMVQA_Clinical/data/raw/kvasir_capsule/osfstorage/labelled_videos/495f16498db34d3c.mp4,ready,,0,32892,0.9503558609484495,0.21751722075749536,incomplete_candidate_scores,False
495f16498db34d3c_32893.jpg,495f16498db34d3c,32893,Anatomy,Ileocecal valve,,,,,,,,,Ileocecal valve,ileocecal valve,anatomical_landmark,495f16498db34d3c32893,495f16498db34d3c,False,False,False,False,,,,,,,,20075,/content/drive/MyDrive/MMVQA_Clinical/data/raw/kvasir_capsule/osfstorage/labelled_images/Ileocecal valve/495f16498db34d3c_32893.jpg,/content/drive/MyDrive/MMVQA_Clinical/data/raw/kvasir_capsule/osfstorage/labelled_videos/495f16498db34d3c.mp4,ready,,0,32893,0.9483487288300676,0.23082340955770042,incomplete_candidate_scores,False
5e9beaf4e66142c8_49338.jpg,5e9beaf4e66142c8,49338,Anatomy,Ileocecal valve,,,,,,,,,Ileocecal valve,ileocecal valve,anatomical_landmark,5e9beaf4e66142c849338,5e9beaf4e66142c8,False,False,False,False,,,,,,,,21181,/content/drive/MyDrive/MMVQA_Clinical/data/raw/kvasir_capsule/osfstorage/labelled_images/Ileocecal valve/5e9beaf4e66142c8_49338.jpg,/content/drive/MyDrive/MMVQA_Clinical/data/raw/kvasir_capsule/osfstorage/labelled_videos/5e9beaf4e66142c8.mp4,ready,,0,49338,0.9510912350499319,0.510752707158632,incomplete_candidate_scores,False
5e9beaf4e66142c8_49339.jpg,5e9beaf4e66142c8,49339,Anatomy,Ileocecal valve,,,,,,,,,Ileocecal valve,ileocecal valve,anatomical_landmark,5e9beaf4e66142c849339,5e9beaf4e66142c8,False,False,False,False,,,,,,,,21182,/content/drive/MyDrive/MMVQA_Clinical/data/raw/kvasir_capsule/osfstorage/labelled_images/Ileocecal valve/5e9beaf4e66142c8_49339.jpg,/content/drive/MyDrive/MMVQA_Clinical/data/raw/kvasir_capsule/osfstorage/labelled_videos/5e9beaf4e66142c8.mp4,ready,,0,49339,0.9546732476703897,0.5522472215421881,incomplete_candidate_scores,False
fc32def0e7194981_89098.jpg,fc32def0e7194981,89098,Anatomy,Ileocecal valve,,,,,,,,,Ileocecal valve,ileocecal valve,anatomical_landmark,fc32def0e719498189098,fc32def0e7194981,False,False,False,False,,,,,,,,25811,/content/drive/MyDrive/MMVQA_Clinical/data/raw/kvasir_capsule/osfstorage/labelled_images/Ileocecal valve/fc32def0e7194981_89098.jpg,/content/drive/MyDrive/MMVQA_Clinical/data/raw/kvasir_capsule/osfstorage/labelled_videos/fc32def0e7194981.mp4,ready,,0,89098,0.9507168458055169,0.41326208875833736,incomplete_candidate_scores,False
fc32def0e7194981_89099.jpg,fc32def0e7194981,89099,Anatomy,Ileocecal valve,,,,,,,,,Ileocecal valve,ileocecal valve,anatomical_landmark,fc32def0e719498189099,fc32def0e7194981,False,False,False,False,,,,,,,,25812,/content/drive/MyDrive/MMVQA_Clinical/data/raw/kvasir_capsule/osfstorage/labelled_images/Ileocecal valve/fc32def0e7194981_89099.jpg,/content/drive/MyDrive/MMVQA_Clinical/data/raw/kvasir_capsule/osfstorage/labelled_videos/fc32def0e7194981.mp4,ready,,0,89099,0.9531504789825928,0.4458646201990545,incomplete_candidate_scores,False
df6b47bafe5143f5_19235.jpg,df6b47bafe5143f5,19235,Anatomy,Ileocecal valve,,,,,,,,,Ileocecal valve,ileocecal valve,anatomical_landmark,df6b47bafe5143f519235,df6b47bafe5143f5,False,False,False,False,,,,,,,,30190,/content/drive/MyDrive/MMVQA_Clinical/data/raw/kvasir_capsule/osfstorage/labelled_images/Ileocecal valve/df6b47bafe5143f5_19235.jpg,/content/drive/MyDrive/MMVQA_Clinical/data/raw/kvasir_capsule/osfstorage/labelled_videos/df6b47bafe5143f5.mp4,ready,,0,19235,0.9456026431402214,0.14412372090514713,incomplete_candidate_scores,False
df6b47bafe5143f5_19236.jpg,df6b47bafe5143f5,19236,Anatomy,Ileocecal valve,,,,,,,,,Ileocecal valve,ileocecal valve,anatomical_landmark,df6b47bafe5143f519236,df6b47bafe5143f5,False,False,False,False,,,,,,,,30191,/content/drive/MyDrive/MMVQA_Clinical/data/raw/kvasir_capsule/osfstorage/labelled_images/Ileocecal valve/df6b47bafe5143f5_19236.jpg,/content/drive/MyDrive/MMVQA_Clinical/data/raw/kvasir_capsule/osfstorage/labelled_videos/df6b47bafe5143f5.mp4,ready,,0,19236,0.9454495859668671,0.14363411581174246,incomplete_candidate_scores,False
6cb700585c4f4070_26593.jpg,6cb700585c4f4070,26593,Anatomy,Ileocecal valve,,,,,,,,,Ileocecal valve,ileocecal valve,anatomical_landmark,6cb700585c4f407026593,6cb700585c4f4070,False,False,False,False,,,,,,,,31093,/content/drive/MyDrive/MMVQA_Clinical/data/raw/kvasir_capsule/osfstorage/labelled_images/Ileocecal valve/6cb700585c4f4070_26593.jpg,/content/drive/MyDrive/MMVQA_Clinical/data/raw/kvasir_capsule/osfstorage/labelled_videos/6cb700585c4f4070.mp4,ready,,0,26593,0.9534505021966062,0.15508555027906146,incomplete_candidate_scores,False
6cb700585c4f4070_26594.jpg,6cb700585c4f4070,26594,Anatomy,Ileocecal valve,,,,,,,,,Ileocecal valve,ileocecal valve,anatomical_landmark,6cb700585c4f407026594,6cb700585c4f4070,False,False,False,False,,,,,,,,31094,/content/drive/MyDrive/MMVQA_Clinical/data/raw/kvasir_capsule/osfstorage/labelled_images/Ileocecal valve/6cb700585c4f4070_26594.jpg,/content/drive/MyDrive/MMVQA_Clinical/data/raw/kvasir_capsule/osfstorage/labelled_videos/6cb700585c4f4070.mp4,ready,,0,26594,0.9538164277524162,0.1552508659654086,incomplete_candidate_scores,False
4aebc5cb2d4847aa_28552.jpg,4aebc5cb2d4847aa,28552,Anatomy,Ileocecal valve,,,,,,,,,Ileocecal valve,ileocecal valve,anatomical_landmark,4aebc5cb2d4847aa28552,4aebc5cb2d4847aa,False,False,False,False,,,,,,,,43111,/content/drive/MyDrive/MMVQA_Clinical/data/raw/kvasir_capsule/osfstorage/labelled_images/Ileocecal valve/4aebc5cb2d4847aa_28552.jpg,/content/drive/MyDrive/MMVQA_Clinical/data/raw/kvasir_capsule/osfstorage/labelled_videos/4aebc5cb2d4847aa.mp4,ready,,0,28552,0.9572055395268797,0.35334086986874835,incomplete_candidate_scores,False
4aebc5cb2d4847aa_28553.jpg,4aebc5cb2d4847aa,28553,Anatomy,Ileocecal valve,,,,,,,,,Ileocecal valve,ileocecal valve,anatomical_landmark,4aebc5cb2d4847aa28553,4aebc5cb2d4847aa,False,False,False,False,,,,,,,,43112,/content/drive/MyDrive/MMVQA_Clinical/data/raw/kvasir_capsule/osfstorage/labelled_images/Ileocecal valve/4aebc5cb2d4847aa_28553.jpg,/content/drive/MyDrive/MMVQA_Clinical/data/raw/kvasir_capsule/osfstorage/labelled_videos/4aebc5cb2d4847aa.mp4,ready,,0,28553,0.9578771784196387,0.35141309237834206,incomplete_candidate_scores,False
3ada4222967f421d_40527.jpg,3ada4222967f421d,40527,Anatomy,Ileocecal valve,,,,,,,,,Ileocecal valve,ileocecal valve,anatomical_landmark,3ada4222967f421d40527,3ada4222967f421d,False,False,False,False,,,,,,,,43534,/content/drive/MyDrive/MMVQA_Clinical/data/raw/kvasir_capsule/osfstorage/labelled_images/Ileocecal valve/3ada4222967f421d_40527.jpg,/content/drive/MyDrive/MMVQA_Clinical/data/raw/kvasir_capsule/osfstorage/labelled_videos/3ada4222967f421d.mp4,ready,,0,40527,0.9492973015940736,0.25883219161876436,incomplete_candidate_scores,False
3ada4222967f421d_40528.jpg,3ada4222967f421d,40528,Anatomy,Ileocecal valve,,,,,,,,,Ileocecal valve,ileocecal valve,anatomical_landmark,3ada4222967f421d40528,3ada4222967f421d,False,False,False,False,,,,,,,,43535,/content/drive/MyDrive/MMVQA_Clinical/data/raw/kvasir_capsule/osfstorage/labelled_images/Ileocecal valve/3ada4222967f421d_40528.jpg,/content/drive/MyDrive/MMVQA_Clinical/data/raw/kvasir_capsule/osfstorage/labelled_videos/3ada4222967f421d.mp4,ready,,0,40528,0.9477852952772745,0.2574905109540758,incomplete_candidate_scores,False
3c8d5f0b90d7475d_45031.jpg,3c8d5f0b90d7475d,45031,Anatomy,Ileocecal valve,,,,,,,,,Ileocecal valve,ileocecal valve,anatomical_landmark,3c8d5f0b90d7475d45031,3c8d5f0b90d7475d,False,False,False,False,,,,,,,,45817,/content/drive/MyDrive/MMVQA_Clinical/data/raw/kvasir_capsule/osfstorage/labelled_images/Ileocecal valve/3c8d5f0b90d7475d_45031.jpg,/content/drive/MyDrive/MMVQA_Clinical/data/raw/kvasir_capsule/osfstorage/labelled_videos/3c8d5f0b90d7475d.mp4,ready,,0,45031,0.9506120723521567,0.07846482341796279,incomplete_candidate_scores,False
3c8d5f0b90d7475d_45032.jpg,3c8d5f0b90d7475d,45032,Anatomy,Ileocecal valve,,,,,,,,,Ileocecal valve,ileocecal valve,anatomical_landmark,3c8d5f0b90d7475d45032,3c8d5f0b90d7475d,False,False,False,False,,,,,,,,45818,/content/drive/MyDrive/MMVQA_Clinical/data/raw/kvasir_capsule/osfstorage/labelled_images/Ileocecal valve/3c8d5f0b90d7475d_45032.jpg,/content/drive/MyDrive/MMVQA_Clinical/data/raw/kvasir_capsule/osfstorage/labelled_videos/3c8d5f0b90d7475d.mp4,ready,,0,45032,0.9513678662878899,0.09365751968536973,incomplete_candidate_scores,False
