video_key,video_annotation_type,video_path,video_relpath,video_size_bytes,video_mtime_ns,container_reported_frames,frames_read_before_stop,read_minus_reported,stop_reason,error_message,decoder_backend,fallback_reason,decode_seconds,decoding_completed,header_source,header_probe_error,decoded_width,decoded_height,decoder_package_version,packets_processed,frames_returned_during_flush,copy_seconds,gpu_device,needs_review
055bbbec392b4f3a,fully_unlabelled,/content/drive/MyDrive/MMVQA_Clinical/data/raw/kvasir_capsule/osfstorage/unlabelled_videos/055bbbec392b4f3a.mp4,unlabelled_videos/055bbbec392b4f3a.mp4,736094508,1762784816000000000,36533,36533,0,read_completed,,nvdec,,5.139530943999944,True,pyav_container_header,,336,336,2.2.3,36534,12,9.869621565999978,"{""cuda_driver_api_version"": 13000, ""cuda_visible_device_count"": 1, ""gpu_id"": 0, ""gpu_name"": ""NVIDIA RTX PRO 6000 Blackwell Server Edition"", ""nvdec_driver_library_available"": true}",False
08d09e4d7aa140f7,fully_unlabelled,/content/drive/MyDrive/MMVQA_Clinical/data/raw/kvasir_capsule/osfstorage/unlabelled_videos/08d09e4d7aa140f7.mp4,unlabelled_videos/08d09e4d7aa140f7.mp4,930884939,1748020108000000000,38990,38990,0,read_completed,,nvdec,,5.646351197999934,True,pyav_container_header,,336,336,2.2.3,38991,12,9.219771537000042,"{""cuda_driver_api_version"": 13000, ""cuda_visible_device_count"": 1, ""gpu_id"": 0, ""gpu_name"": ""NVIDIA RTX PRO 6000 Blackwell Server Edition"", ""nvdec_driver_library_available"": true}",False
1342422630854f70,fully_unlabelled,/content/drive/MyDrive/MMVQA_Clinical/data/raw/kvasir_capsule/osfstorage/unlabelled_videos/1342422630854f70.mp4,unlabelled_videos/1342422630854f70.mp4,1171233257,1740834089000000000,58968,58968,0,read_completed,,nvdec,,8.144700409000052,True,pyav_container_header,,336,336,2.2.3,58969,12,19.084464089999983,"{""cuda_driver_api_version"": 13000, ""cuda_visible_device_count"": 1, ""gpu_id"": 0, ""gpu_name"": ""NVIDIA RTX PRO 6000 Blackwell Server Edition"", ""nvdec_driver_library_available"": true}",False
199b056fd09f47c9,fully_unlabelled,/content/drive/MyDrive/MMVQA_Clinical/data/raw/kvasir_capsule/osfstorage/unlabelled_videos/199b056fd09f47c9.mp4,unlabelled_videos/199b056fd09f47c9.mp4,512790175,1718109866000000000,25853,25853,0,read_completed,,nvdec,,3.6437397969999665,True,pyav_container_header,,336,336,2.2.3,25854,12,8.163641509000058,"{""cuda_driver_api_version"": 13000, ""cuda_visible_device_count"": 1, ""gpu_id"": 0, ""gpu_name"": ""NVIDIA RTX PRO 6000 Blackwell Server Edition"", ""nvdec_driver_library_available"": true}",False
1a14ba6768604ae2,fully_unlabelled,/content/drive/MyDrive/MMVQA_Clinical/data/raw/kvasir_capsule/osfstorage/unlabelled_videos/1a14ba6768604ae2.mp4,unlabelled_videos/1a14ba6768604ae2.mp4,510981246,1760626620000000000,22571,22571,0,read_completed,,nvdec,,3.3909660189999613,True,pyav_container_header,,336,336,2.2.3,22572,12,4.280583442999955,"{""cuda_driver_api_version"": 13000, ""cuda_visible_device_count"": 1, ""gpu_id"": 0, ""gpu_name"": ""NVIDIA RTX PRO 6000 Blackwell Server Edition"", ""nvdec_driver_library_available"": true}",False
2213cbc25f124b25,fully_unlabelled,/content/drive/MyDrive/MMVQA_Clinical/data/raw/kvasir_capsule/osfstorage/unlabelled_videos/2213cbc25f124b25.mp4,unlabelled_videos/2213cbc25f124b25.mp4,625894700,1751036447000000000,29491,29491,0,read_completed,,nvdec,,4.391142019999961,True,pyav_container_header,,336,336,2.2.3,29492,12,9.506825191000075,"{""cuda_driver_api_version"": 13000, ""cuda_visible_device_count"": 1, ""gpu_id"": 0, ""gpu_name"": ""NVIDIA RTX PRO 6000 Blackwell Server Edition"", ""nvdec_driver_library_available"": true}",False
2317d66500394077,fully_unlabelled,/content/drive/MyDrive/MMVQA_Clinical/data/raw/kvasir_capsule/osfstorage/unlabelled_videos/2317d66500394077.mp4,unlabelled_videos/2317d66500394077.mp4,2147627841,1758115546000000000,87894,87894,0,read_completed,,nvdec,,12.390961869999956,True,pyav_container_header,,336,336,2.2.3,87895,12,29.514711114999955,"{""cuda_driver_api_version"": 13000, ""cuda_visible_device_count"": 1, ""gpu_id"": 0, ""gpu_name"": ""NVIDIA RTX PRO 6000 Blackwell Server Edition"", ""nvdec_driver_library_available"": true}",False
231eb3a0fae54b98,fully_unlabelled,/content/drive/MyDrive/MMVQA_Clinical/data/raw/kvasir_capsule/osfstorage/unlabelled_videos/231eb3a0fae54b98.mp4,unlabelled_videos/231eb3a0fae54b98.mp4,593702580,1725015916000000000,23590,23590,0,read_completed,,nvdec,,3.6390749430000824,True,pyav_container_header,,336,336,2.2.3,23591,10,7.919605291999915,"{""cuda_driver_api_version"": 13000, ""cuda_visible_device_count"": 1, ""gpu_id"": 0, ""gpu_name"": ""NVIDIA RTX PRO 6000 Blackwell Server Edition"", ""nvdec_driver_library_available"": true}",False
23f4d34a80d44c05,fully_unlabelled,/content/drive/MyDrive/MMVQA_Clinical/data/raw/kvasir_capsule/osfstorage/unlabelled_videos/23f4d34a80d44c05.mp4,unlabelled_videos/23f4d34a80d44c05.mp4,448692346,1729429300000000000,22733,22733,0,read_completed,,nvdec,,3.3925111899999365,True,pyav_container_header,,336,336,2.2.3,22734,12,5.166340971999944,"{""cuda_driver_api_version"": 13000, ""cuda_visible_device_count"": 1, ""gpu_id"": 0, ""gpu_name"": ""NVIDIA RTX PRO 6000 Blackwell Server Edition"", ""nvdec_driver_library_available"": true}",False
23fb85eefa314dc3,fully_unlabelled,/content/drive/MyDrive/MMVQA_Clinical/data/raw/kvasir_capsule/osfstorage/unlabelled_videos/23fb85eefa314dc3.mp4,unlabelled_videos/23fb85eefa314dc3.mp4,1053744911,1731682222000000000,52844,52844,0,read_completed,,nvdec,,7.145772244999989,True,pyav_container_header,,336,336,2.2.3,52845,12,16.559580210000036,"{""cuda_driver_api_version"": 13000, ""cuda_visible_device_count"": 1, ""gpu_id"": 0, ""gpu_name"": ""NVIDIA RTX PRO 6000 Blackwell Server Edition"", ""nvdec_driver_library_available"": true}",False
25551f9c7a3f424a,fully_unlabelled,/content/drive/MyDrive/MMVQA_Clinical/data/raw/kvasir_capsule/osfstorage/unlabelled_videos/25551f9c7a3f424a.mp4,unlabelled_videos/25551f9c7a3f424a.mp4,1781804347,1743790499000000000,85341,85341,0,read_completed,,nvdec,,11.641538129999958,True,pyav_container_header,,336,336,2.2.3,85342,12,14.961436281000033,"{""cuda_driver_api_version"": 13000, ""cuda_visible_device_count"": 1, ""gpu_id"": 0, ""gpu_name"": ""NVIDIA RTX PRO 6000 Blackwell Server Edition"", ""nvdec_driver_library_available"": true}",False
2f513ad4ee5e4630,fully_unlabelled,/content/drive/MyDrive/MMVQA_Clinical/data/raw/kvasir_capsule/osfstorage/unlabelled_videos/2f513ad4ee5e4630.mp4,unlabelled_videos/2f513ad4ee5e4630.mp4,791615194,1725647496000000000,40504,40504,0,read_completed,,nvdec,,5.646601838000038,True,pyav_container_header,,336,336,2.2.3,40505,4,8.544220687000006,"{""cuda_driver_api_version"": 13000, ""cuda_visible_device_count"": 1, ""gpu_id"": 0, ""gpu_name"": ""NVIDIA RTX PRO 6000 Blackwell Server Edition"", ""nvdec_driver_library_available"": true}",False
358f96d770a2410e,fully_unlabelled,/content/drive/MyDrive/MMVQA_Clinical/data/raw/kvasir_capsule/osfstorage/unlabelled_videos/358f96d770a2410e.mp4,unlabelled_videos/358f96d770a2410e.mp4,808500640,1721910920000000000,34163,34163,0,read_completed,,nvdec,,5.142122254000014,True,pyav_container_header,,336,336,2.2.3,34164,12,7.767421578999915,"{""cuda_driver_api_version"": 13000, ""cuda_visible_device_count"": 1, ""gpu_id"": 0, ""gpu_name"": ""NVIDIA RTX PRO 6000 Blackwell Server Edition"", ""nvdec_driver_library_available"": true}",False
3680a149fa3e4b0b,fully_unlabelled,/content/drive/MyDrive/MMVQA_Clinical/data/raw/kvasir_capsule/osfstorage/unlabelled_videos/3680a149fa3e4b0b.mp4,unlabelled_videos/3680a149fa3e4b0b.mp4,1384232160,1739548895000000000,41139,41139,0,read_completed,,nvdec,,6.641981837999992,True,pyav_container_header,,336,336,2.2.3,41140,9,17.671763370000008,"{""cuda_driver_api_version"": 13000, ""cuda_visible_device_count"": 1, ""gpu_id"": 0, ""gpu_name"": ""NVIDIA RTX PRO 6000 Blackwell Server Edition"", ""nvdec_driver_library_available"": true}",False
421b968fc5b74af1,fully_unlabelled,/content/drive/MyDrive/MMVQA_Clinical/data/raw/kvasir_capsule/osfstorage/unlabelled_videos/421b968fc5b74af1.mp4,unlabelled_videos/421b968fc5b74af1.mp4,544110723,1730201649000000000,30493,30493,0,read_completed,,nvdec,,4.141012412999999,True,pyav_container_header,,336,336,2.2.3,30494,12,5.556562568000004,"{""cuda_driver_api_version"": 13000, ""cuda_visible_device_count"": 1, ""gpu_id"": 0, ""gpu_name"": ""NVIDIA RTX PRO 6000 Blackwell Server Edition"", ""nvdec_driver_library_available"": true}",False
429257154ce94be3,fully_unlabelled,/content/drive/MyDrive/MMVQA_Clinical/data/raw/kvasir_capsule/osfstorage/unlabelled_videos/429257154ce94be3.mp4,unlabelled_videos/429257154ce94be3.mp4,455760639,1705398664000000000,22536,22536,0,read_completed,,nvdec,,3.3944936479999797,True,pyav_container_header,,336,336,2.2.3,22537,12,5.899690652000004,"{""cuda_driver_api_version"": 13000, ""cuda_visible_device_count"": 1, ""gpu_id"": 0, ""gpu_name"": ""NVIDIA RTX PRO 6000 Blackwell Server Edition"", ""nvdec_driver_library_available"": true}",False
492a750169554d64,fully_unlabelled,/content/drive/MyDrive/MMVQA_Clinical/data/raw/kvasir_capsule/osfstorage/unlabelled_videos/492a750169554d64.mp4,unlabelled_videos/492a750169554d64.mp4,971131866,1755192720000000000,31609,31609,0,read_completed,,nvdec,,5.14204694099999,True,pyav_container_header,,336,336,2.2.3,31610,12,9.988545749999957,"{""cuda_driver_api_version"": 13000, ""cuda_visible_device_count"": 1, ""gpu_id"": 0, ""gpu_name"": ""NVIDIA RTX PRO 6000 Blackwell Server Edition"", ""nvdec_driver_library_available"": true}",False
4ab482cc46054935,fully_unlabelled,/content/drive/MyDrive/MMVQA_Clinical/data/raw/kvasir_capsule/osfstorage/unlabelled_videos/4ab482cc46054935.mp4,unlabelled_videos/4ab482cc46054935.mp4,585861473,1724591293000000000,28188,28188,0,read_completed,,nvdec,,4.1410702599998785,True,pyav_container_header,,336,336,2.2.3,28189,12,7.368506541999977,"{""cuda_driver_api_version"": 13000, ""cuda_visible_device_count"": 1, ""gpu_id"": 0, ""gpu_name"": ""NVIDIA RTX PRO 6000 Blackwell Server Edition"", ""nvdec_driver_library_available"": true}",False
4c059b716bf84ea3,fully_unlabelled,/content/drive/MyDrive/MMVQA_Clinical/data/raw/kvasir_capsule/osfstorage/unlabelled_videos/4c059b716bf84ea3.mp4,unlabelled_videos/4c059b716bf84ea3.mp4,595904288,1756470298000000000,22796,22796,0,read_completed,,nvdec,,3.3948842360000526,True,pyav_container_header,,336,336,2.2.3,22797,12,6.655295465000108,"{""cuda_driver_api_version"": 13000, ""cuda_visible_device_count"": 1, ""gpu_id"": 0, ""gpu_name"": ""NVIDIA RTX PRO 6000 Blackwell Server Edition"", ""nvdec_driver_library_available"": true}",False
4ed494e20fd349ad,fully_unlabelled,/content/drive/MyDrive/MMVQA_Clinical/data/raw/kvasir_capsule/osfstorage/unlabelled_videos/4ed494e20fd349ad.mp4,unlabelled_videos/4ed494e20fd349ad.mp4,596087730,1723805448000000000,26415,26415,0,read_completed,,nvdec,,3.8962695969999004,True,pyav_container_header,,336,336,2.2.3,26416,12,7.956887439999946,"{""cuda_driver_api_version"": 13000, ""cuda_visible_device_count"": 1, ""gpu_id"": 0, ""gpu_name"": ""NVIDIA RTX PRO 6000 Blackwell Server Edition"", ""nvdec_driver_library_available"": true}",False
4fd5d5fabb1f4b47,fully_unlabelled,/content/drive/MyDrive/MMVQA_Clinical/data/raw/kvasir_capsule/osfstorage/unlabelled_videos/4fd5d5fabb1f4b47.mp4,unlabelled_videos/4fd5d5fabb1f4b47.mp4,762885358,1725193926000000000,28331,28331,0,read_completed,,nvdec,,4.3912299070000245,True,pyav_container_header,,336,336,2.2.3,28332,12,7.988333099999863,"{""cuda_driver_api_version"": 13000, ""cuda_visible_device_count"": 1, ""gpu_id"": 0, ""gpu_name"": ""NVIDIA RTX PRO 6000 Blackwell Server Edition"", ""nvdec_driver_library_available"": true}",False
4ff32d8a3768447b,fully_unlabelled,/content/drive/MyDrive/MMVQA_Clinical/data/raw/kvasir_capsule/osfstorage/unlabelled_videos/4ff32d8a3768447b.mp4,unlabelled_videos/4ff32d8a3768447b.mp4,661387899,1722602145000000000,34629,34629,0,read_completed,,nvdec,,4.890165948999993,True,pyav_container_header,,336,336,2.2.3,34630,12,7.1722239400000944,"{""cuda_driver_api_version"": 13000, ""cuda_visible_device_count"": 1, ""gpu_id"": 0, ""gpu_name"": ""NVIDIA RTX PRO 6000 Blackwell Server Edition"", ""nvdec_driver_library_available"": true}",False
52a7ef6b38084c16,fully_unlabelled,/content/drive/MyDrive/MMVQA_Clinical/data/raw/kvasir_capsule/osfstorage/unlabelled_videos/52a7ef6b38084c16.mp4,unlabelled_videos/52a7ef6b38084c16.mp4,862470431,1757767629000000000,35970,35970,0,read_completed,,nvdec,,5.391370952999978,True,pyav_container_header,,336,336,2.2.3,35971,12,7.219304032000082,"{""cuda_driver_api_version"": 13000, ""cuda_visible_device_count"": 1, ""gpu_id"": 0, ""gpu_name"": ""NVIDIA RTX PRO 6000 Blackwell Server Edition"", ""nvdec_driver_library_available"": true}",False
563e2e69c3e344a5,fully_unlabelled,/content/drive/MyDrive/MMVQA_Clinical/data/raw/kvasir_capsule/osfstorage/unlabelled_videos/563e2e69c3e344a5.mp4,unlabelled_videos/563e2e69c3e344a5.mp4,789800265,1755790368000000000,35367,35367,0,read_completed,,nvdec,,5.144143775999964,True,pyav_container_header,,336,336,2.2.3,35368,12,6.667780198000173,"{""cuda_driver_api_version"": 13000, ""cuda_visible_device_count"": 1, ""gpu_id"": 0, ""gpu_name"": ""NVIDIA RTX PRO 6000 Blackwell Server Edition"", ""nvdec_driver_library_available"": true}",False
5a51763059e749d8,fully_unlabelled,/content/drive/MyDrive/MMVQA_Clinical/data/raw/kvasir_capsule/osfstorage/unlabelled_videos/5a51763059e749d8.mp4,unlabelled_videos/5a51763059e749d8.mp4,521801128,1756296374000000000,31229,31229,0,read_completed,,nvdec,,4.3910991249999825,True,pyav_container_header,,336,336,2.2.3,31230,12,5.672547770000165,"{""cuda_driver_api_version"": 13000, ""cuda_visible_device_count"": 1, ""gpu_id"": 0, ""gpu_name"": ""NVIDIA RTX PRO 6000 Blackwell Server Edition"", ""nvdec_driver_library_available"": true}",False
5d480904787b471d,fully_unlabelled,/content/drive/MyDrive/MMVQA_Clinical/data/raw/kvasir_capsule/osfstorage/unlabelled_videos/5d480904787b471d.mp4,unlabelled_videos/5d480904787b471d.mp4,622362117,1735827952000000000,27185,27185,0,read_completed,,nvdec,,4.141388408000012,True,pyav_container_header,,336,336,2.2.3,27186,5,5.833667086999867,"{""cuda_driver_api_version"": 13000, ""cuda_visible_device_count"": 1, ""gpu_id"": 0, ""gpu_name"": ""NVIDIA RTX PRO 6000 Blackwell Server Edition"", ""nvdec_driver_library_available"": true}",False
5f98cfbdcefb4b24,fully_unlabelled,/content/drive/MyDrive/MMVQA_Clinical/data/raw/kvasir_capsule/osfstorage/unlabelled_videos/5f98cfbdcefb4b24.mp4,unlabelled_videos/5f98cfbdcefb4b24.mp4,355723861,1714651943000000000,21880,21880,0,read_completed,,nvdec,,3.1393635910001194,True,pyav_container_header,,336,336,2.2.3,21881,10,3.6176178240000354,"{""cuda_driver_api_version"": 13000, ""cuda_visible_device_count"": 1, ""gpu_id"": 0, ""gpu_name"": ""NVIDIA RTX PRO 6000 Blackwell Server Edition"", ""nvdec_driver_library_available"": true}",False
61f06834552f4d09,fully_unlabelled,/content/drive/MyDrive/MMVQA_Clinical/data/raw/kvasir_capsule/osfstorage/unlabelled_videos/61f06834552f4d09.mp4,unlabelled_videos/61f06834552f4d09.mp4,892610696,1742735930000000000,42794,42794,0,read_completed,,nvdec,,5.892311636999921,True,pyav_container_header,,336,336,2.2.3,42795,12,8.227353778999941,"{""cuda_driver_api_version"": 13000, ""cuda_visible_device_count"": 1, ""gpu_id"": 0, ""gpu_name"": ""NVIDIA RTX PRO 6000 Blackwell Server Edition"", ""nvdec_driver_library_available"": true}",False
66939134473e44af,fully_unlabelled,/content/drive/MyDrive/MMVQA_Clinical/data/raw/kvasir_capsule/osfstorage/unlabelled_videos/66939134473e44af.mp4,unlabelled_videos/66939134473e44af.mp4,1326550527,1712575322000000000,57109,57109,0,read_completed,,nvdec,,8.142996211000082,True,pyav_container_header,,336,336,2.2.3,57110,12,12.834512250999978,"{""cuda_driver_api_version"": 13000, ""cuda_visible_device_count"": 1, ""gpu_id"": 0, ""gpu_name"": ""NVIDIA RTX PRO 6000 Blackwell Server Edition"", ""nvdec_driver_library_available"": true}",False
6e2fb5dfcfe84a55,fully_unlabelled,/content/drive/MyDrive/MMVQA_Clinical/data/raw/kvasir_capsule/osfstorage/unlabelled_videos/6e2fb5dfcfe84a55.mp4,unlabelled_videos/6e2fb5dfcfe84a55.mp4,494718727,1735566666000000000,23143,23143,0,read_completed,,nvdec,,3.3953683530000944,True,pyav_container_header,,336,336,2.2.3,23144,12,7.7417312219999985,"{""cuda_driver_api_version"": 13000, ""cuda_visible_device_count"": 1, ""gpu_id"": 0, ""gpu_name"": ""NVIDIA RTX PRO 6000 Blackwell Server Edition"", ""nvdec_driver_library_available"": true}",False
6ee6ca3e686d4d0a,fully_unlabelled,/content/drive/MyDrive/MMVQA_Clinical/data/raw/kvasir_capsule/osfstorage/unlabelled_videos/6ee6ca3e686d4d0a.mp4,unlabelled_videos/6ee6ca3e686d4d0a.mp4,1075543611,1726230513000000000,49179,49179,0,read_completed,,nvdec,,6.891360291999945,True,pyav_container_header,,336,336,2.2.3,49180,12,17.170621266999888,"{""cuda_driver_api_version"": 13000, ""cuda_visible_device_count"": 1, ""gpu_id"": 0, ""gpu_name"": ""NVIDIA RTX PRO 6000 Blackwell Server Edition"", ""nvdec_driver_library_available"": true}",False
747d45c19ad14a8c,fully_unlabelled,/content/drive/MyDrive/MMVQA_Clinical/data/raw/kvasir_capsule/osfstorage/unlabelled_videos/747d45c19ad14a8c.mp4,unlabelled_videos/747d45c19ad14a8c.mp4,2040677246,1761230813000000000,95008,95008,0,read_completed,,nvdec,,12.892367799999874,True,pyav_container_header,,336,336,2.2.3,95009,12,23.783620228000018,"{""cuda_driver_api_version"": 13000, ""cuda_visible_device_count"": 1, ""gpu_id"": 0, ""gpu_name"": ""NVIDIA RTX PRO 6000 Blackwell Server Edition"", ""nvdec_driver_library_available"": true}",False
74aaa0963ec44812,fully_unlabelled,/content/drive/MyDrive/MMVQA_Clinical/data/raw/kvasir_capsule/osfstorage/unlabelled_videos/74aaa0963ec44812.mp4,unlabelled_videos/74aaa0963ec44812.mp4,442375743,1759151823000000000,20291,20291,0,read_completed,,nvdec,,3.141979178999918,True,pyav_container_header,,336,336,2.2.3,20292,12,4.511671821999926,"{""cuda_driver_api_version"": 13000, ""cuda_visible_device_count"": 1, ""gpu_id"": 0, ""gpu_name"": ""NVIDIA RTX PRO 6000 Blackwell Server Edition"", ""nvdec_driver_library_available"": true}",False
751de939d2eb4dfc,fully_unlabelled,/content/drive/MyDrive/MMVQA_Clinical/data/raw/kvasir_capsule/osfstorage/unlabelled_videos/751de939d2eb4dfc.mp4,unlabelled_videos/751de939d2eb4dfc.mp4,627191822,1716564892000000000,29999,29999,0,read_completed,,nvdec,,4.39320207999981,True,pyav_container_header,,336,336,2.2.3,30000,12,8.08443312899999,"{""cuda_driver_api_version"": 13000, ""cuda_visible_device_count"": 1, ""gpu_id"": 0, ""gpu_name"": ""NVIDIA RTX PRO 6000 Blackwell Server Edition"", ""nvdec_driver_library_available"": true}",False
7f2eed29b57d4d69,fully_unlabelled,/content/drive/MyDrive/MMVQA_Clinical/data/raw/kvasir_capsule/osfstorage/unlabelled_videos/7f2eed29b57d4d69.mp4,unlabelled_videos/7f2eed29b57d4d69.mp4,1015405896,1735999416000000000,54783,54783,0,read_completed,,nvdec,,7.391794929000071,True,pyav_container_header,,336,336,2.2.3,54784,12,7.867826693000097,"{""cuda_driver_api_version"": 13000, ""cuda_visible_device_count"": 1, ""gpu_id"": 0, ""gpu_name"": ""NVIDIA RTX PRO 6000 Blackwell Server Edition"", ""nvdec_driver_library_available"": true}",False
805c383b48414cbf,fully_unlabelled,/content/drive/MyDrive/MMVQA_Clinical/data/raw/kvasir_capsule/osfstorage/unlabelled_videos/805c383b48414cbf.mp4,unlabelled_videos/805c383b48414cbf.mp4,459560214,1759760529000000000,29795,29795,0,read_completed,,nvdec,,3.8919671769999695,True,pyav_container_header,,336,336,2.2.3,29796,5,6.67951618799998,"{""cuda_driver_api_version"": 13000, ""cuda_visible_device_count"": 1, ""gpu_id"": 0, ""gpu_name"": ""NVIDIA RTX PRO 6000 Blackwell Server Edition"", ""nvdec_driver_library_available"": true}",False
81236e118ae2480f,fully_unlabelled,/content/drive/MyDrive/MMVQA_Clinical/data/raw/kvasir_capsule/osfstorage/unlabelled_videos/81236e118ae2480f.mp4,unlabelled_videos/81236e118ae2480f.mp4,870127217,1758033316000000000,41277,41277,0,read_completed,,nvdec,,5.896145628999875,True,pyav_container_header,,336,336,2.2.3,41278,12,14.321672714999977,"{""cuda_driver_api_version"": 13000, ""cuda_visible_device_count"": 1, ""gpu_id"": 0, ""gpu_name"": ""NVIDIA RTX PRO 6000 Blackwell Server Edition"", ""nvdec_driver_library_available"": true}",False
83f180a29f3e40b4,fully_unlabelled,/content/drive/MyDrive/MMVQA_Clinical/data/raw/kvasir_capsule/osfstorage/unlabelled_videos/83f180a29f3e40b4.mp4,unlabelled_videos/83f180a29f3e40b4.mp4,718926754,1722165815000000000,41924,41924,0,read_completed,,nvdec,,5.6409178729998075,True,pyav_container_header,,336,336,2.2.3,41925,12,7.493827996999926,"{""cuda_driver_api_version"": 13000, ""cuda_visible_device_count"": 1, ""gpu_id"": 0, ""gpu_name"": ""NVIDIA RTX PRO 6000 Blackwell Server Edition"", ""nvdec_driver_library_available"": true}",False
8601bf960ea44cae,fully_unlabelled,/content/drive/MyDrive/MMVQA_Clinical/data/raw/kvasir_capsule/osfstorage/unlabelled_videos/8601bf960ea44cae.mp4,unlabelled_videos/8601bf960ea44cae.mp4,712471258,1758801793000000000,34051,34051,0,read_completed,,nvdec,,4.897564916999954,True,pyav_container_header,,336,336,2.2.3,34052,12,16.878229134000094,"{""cuda_driver_api_version"": 13000, ""cuda_visible_device_count"": 1, ""gpu_id"": 0, ""gpu_name"": ""NVIDIA RTX PRO 6000 Blackwell Server Edition"", ""nvdec_driver_library_available"": true}",False
8b6903e220784dd9,fully_unlabelled,/content/drive/MyDrive/MMVQA_Clinical/data/raw/kvasir_capsule/osfstorage/unlabelled_videos/8b6903e220784dd9.mp4,unlabelled_videos/8b6903e220784dd9.mp4,634211449,1751035293000000000,29131,29131,0,read_completed,,nvdec,,4.142942461999837,True,pyav_container_header,,336,336,2.2.3,29132,12,5.706900282000106,"{""cuda_driver_api_version"": 13000, ""cuda_visible_device_count"": 1, ""gpu_id"": 0, ""gpu_name"": ""NVIDIA RTX PRO 6000 Blackwell Server Edition"", ""nvdec_driver_library_available"": true}",False
8dab1452e7e54550,fully_unlabelled,/content/drive/MyDrive/MMVQA_Clinical/data/raw/kvasir_capsule/osfstorage/unlabelled_videos/8dab1452e7e54550.mp4,unlabelled_videos/8dab1452e7e54550.mp4,652733363,1734967579000000000,28832,28832,0,read_completed,,nvdec,,4.142353442000058,True,pyav_container_header,,336,336,2.2.3,28833,12,7.916264168999987,"{""cuda_driver_api_version"": 13000, ""cuda_visible_device_count"": 1, ""gpu_id"": 0, ""gpu_name"": ""NVIDIA RTX PRO 6000 Blackwell Server Edition"", ""nvdec_driver_library_available"": true}",False
8e0117d6d9c84d2b,fully_unlabelled,/content/drive/MyDrive/MMVQA_Clinical/data/raw/kvasir_capsule/osfstorage/unlabelled_videos/8e0117d6d9c84d2b.mp4,unlabelled_videos/8e0117d6d9c84d2b.mp4,764554647,1748863462000000000,34097,34097,0,read_completed,,nvdec,,4.891183277999971,True,pyav_container_header,,336,336,2.2.3,34098,12,9.370224006999933,"{""cuda_driver_api_version"": 13000, ""cuda_visible_device_count"": 1, ""gpu_id"": 0, ""gpu_name"": ""NVIDIA RTX PRO 6000 Blackwell Server Edition"", ""nvdec_driver_library_available"": true}",False
8ed53a953994488f,fully_unlabelled,/content/drive/MyDrive/MMVQA_Clinical/data/raw/kvasir_capsule/osfstorage/unlabelled_videos/8ed53a953994488f.mp4,unlabelled_videos/8ed53a953994488f.mp4,624049072,1756134251000000000,28095,28095,0,read_completed,,nvdec,,4.144725203000007,True,pyav_container_header,,336,336,2.2.3,28096,12,5.056500826000047,"{""cuda_driver_api_version"": 13000, ""cuda_visible_device_count"": 1, ""gpu_id"": 0, ""gpu_name"": ""NVIDIA RTX PRO 6000 Blackwell Server Edition"", ""nvdec_driver_library_available"": true}",False
8f263414d3de414d,fully_unlabelled,/content/drive/MyDrive/MMVQA_Clinical/data/raw/kvasir_capsule/osfstorage/unlabelled_videos/8f263414d3de414d.mp4,unlabelled_videos/8f263414d3de414d.mp4,360911414,1720872793000000000,16263,16263,0,read_completed,,nvdec,,2.3909699539999565,True,pyav_container_header,,336,336,2.2.3,16264,12,3.7066547829999763,"{""cuda_driver_api_version"": 13000, ""cuda_visible_device_count"": 1, ""gpu_id"": 0, ""gpu_name"": ""NVIDIA RTX PRO 6000 Blackwell Server Edition"", ""nvdec_driver_library_available"": true}",False
90440abfba254494,fully_unlabelled,/content/drive/MyDrive/MMVQA_Clinical/data/raw/kvasir_capsule/osfstorage/unlabelled_videos/90440abfba254494.mp4,unlabelled_videos/90440abfba254494.mp4,632124249,1751635674000000000,27565,27565,0,read_completed,,nvdec,,4.14122654200014,True,pyav_container_header,,336,336,2.2.3,27566,12,5.500922123999999,"{""cuda_driver_api_version"": 13000, ""cuda_visible_device_count"": 1, ""gpu_id"": 0, ""gpu_name"": ""NVIDIA RTX PRO 6000 Blackwell Server Edition"", ""nvdec_driver_library_available"": true}",False
90cb94b58b484306,fully_unlabelled,/content/drive/MyDrive/MMVQA_Clinical/data/raw/kvasir_capsule/osfstorage/unlabelled_videos/90cb94b58b484306.mp4,unlabelled_videos/90cb94b58b484306.mp4,716881701,1738591020000000000,28380,28380,0,read_completed,,nvdec,,4.140631899000027,True,pyav_container_header,,336,336,2.2.3,28381,12,5.853375872000015,"{""cuda_driver_api_version"": 13000, ""cuda_visible_device_count"": 1, ""gpu_id"": 0, ""gpu_name"": ""NVIDIA RTX PRO 6000 Blackwell Server Edition"", ""nvdec_driver_library_available"": true}",False
90e7cc8c498144b6,fully_unlabelled,/content/drive/MyDrive/MMVQA_Clinical/data/raw/kvasir_capsule/osfstorage/unlabelled_videos/90e7cc8c498144b6.mp4,unlabelled_videos/90e7cc8c498144b6.mp4,860240509,1730813512000000000,41968,41968,0,read_completed,,nvdec,,5.896214134000047,True,pyav_container_header,,336,336,2.2.3,41969,12,7.66575092700009,"{""cuda_driver_api_version"": 13000, ""cuda_visible_device_count"": 1, ""gpu_id"": 0, ""gpu_name"": ""NVIDIA RTX PRO 6000 Blackwell Server Edition"", ""nvdec_driver_library_available"": true}",False
96cb81a18bb34dcc,fully_unlabelled,/content/drive/MyDrive/MMVQA_Clinical/data/raw/kvasir_capsule/osfstorage/unlabelled_videos/96cb81a18bb34dcc.mp4,unlabelled_videos/96cb81a18bb34dcc.mp4,561034506,1754742405000000000,29936,29936,0,read_completed,,nvdec,,4.142525708999983,True,pyav_container_header,,336,336,2.2.3,29937,12,7.158469325999931,"{""cuda_driver_api_version"": 13000, ""cuda_visible_device_count"": 1, ""gpu_id"": 0, ""gpu_name"": ""NVIDIA RTX PRO 6000 Blackwell Server Edition"", ""nvdec_driver_library_available"": true}",False
98c08c754fba418d,fully_unlabelled,/content/drive/MyDrive/MMVQA_Clinical/data/raw/kvasir_capsule/osfstorage/unlabelled_videos/98c08c754fba418d.mp4,unlabelled_videos/98c08c754fba418d.mp4,736726019,1721821066000000000,31467,31467,0,read_completed,,nvdec,,4.645285233000095,True,pyav_container_header,,336,336,2.2.3,31468,12,11.211265854999965,"{""cuda_driver_api_version"": 13000, ""cuda_visible_device_count"": 1, ""gpu_id"": 0, ""gpu_name"": ""NVIDIA RTX PRO 6000 Blackwell Server Edition"", ""nvdec_driver_library_available"": true}",False
9cfb233f909d46c4,fully_unlabelled,/content/drive/MyDrive/MMVQA_Clinical/data/raw/kvasir_capsule/osfstorage/unlabelled_videos/9cfb233f909d46c4.mp4,unlabelled_videos/9cfb233f909d46c4.mp4,418001583,1748611378000000000,23058,23058,0,read_completed,,nvdec,,3.390631839999969,True,pyav_container_header,,336,336,2.2.3,23059,12,11.633251020999978,"{""cuda_driver_api_version"": 13000, ""cuda_visible_device_count"": 1, ""gpu_id"": 0, ""gpu_name"": ""NVIDIA RTX PRO 6000 Blackwell Server Edition"", ""nvdec_driver_library_available"": true}",False
9d37bb4f8cc94731,fully_unlabelled,/content/drive/MyDrive/MMVQA_Clinical/data/raw/kvasir_capsule/osfstorage/unlabelled_videos/9d37bb4f8cc94731.mp4,unlabelled_videos/9d37bb4f8cc94731.mp4,787304766,1749648421000000000,42750,42750,0,read_completed,,nvdec,,5.892826964000051,True,pyav_container_header,,336,336,2.2.3,42751,12,6.442182165000077,"{""cuda_driver_api_version"": 13000, ""cuda_visible_device_count"": 1, ""gpu_id"": 0, ""gpu_name"": ""NVIDIA RTX PRO 6000 Blackwell Server Edition"", ""nvdec_driver_library_available"": true}",False
9fa8a9d05c014789,fully_unlabelled,/content/drive/MyDrive/MMVQA_Clinical/data/raw/kvasir_capsule/osfstorage/unlabelled_videos/9fa8a9d05c014789.mp4,unlabelled_videos/9fa8a9d05c014789.mp4,1270884500,1725970001000000000,55937,55937,0,read_completed,,nvdec,,7.891984933999993,True,pyav_container_header,,336,336,2.2.3,55938,12,16.966950492999786,"{""cuda_driver_api_version"": 13000, ""cuda_visible_device_count"": 1, ""gpu_id"": 0, ""gpu_name"": ""NVIDIA RTX PRO 6000 Blackwell Server Edition"", ""nvdec_driver_library_available"": true}",False
9fae4024b2e64a1b,fully_unlabelled,/content/drive/MyDrive/MMVQA_Clinical/data/raw/kvasir_capsule/osfstorage/unlabelled_videos/9fae4024b2e64a1b.mp4,unlabelled_videos/9fae4024b2e64a1b.mp4,709530173,1755792373000000000,30609,30609,0,read_completed,,nvdec,,4.3923620849998315,True,pyav_container_header,,336,336,2.2.3,30610,9,7.343144222999854,"{""cuda_driver_api_version"": 13000, ""cuda_visible_device_count"": 1, ""gpu_id"": 0, ""gpu_name"": ""NVIDIA RTX PRO 6000 Blackwell Server Edition"", ""nvdec_driver_library_available"": true}",False
ae546e326e594e64,fully_unlabelled,/content/drive/MyDrive/MMVQA_Clinical/data/raw/kvasir_capsule/osfstorage/unlabelled_videos/ae546e326e594e64.mp4,unlabelled_videos/ae546e326e594e64.mp4,747505029,1726230556000000000,39930,39930,0,read_completed,,nvdec,,5.6429709880001155,True,pyav_container_header,,336,336,2.2.3,39931,12,8.81529027900001,"{""cuda_driver_api_version"": 13000, ""cuda_visible_device_count"": 1, ""gpu_id"": 0, ""gpu_name"": ""NVIDIA RTX PRO 6000 Blackwell Server Edition"", ""nvdec_driver_library_available"": true}",False
bc08ec3864244b70,fully_unlabelled,/content/drive/MyDrive/MMVQA_Clinical/data/raw/kvasir_capsule/osfstorage/unlabelled_videos/bc08ec3864244b70.mp4,unlabelled_videos/bc08ec3864244b70.mp4,617856365,1732975249000000000,25965,25965,0,read_completed,,nvdec,,3.898250353000094,True,pyav_container_header,,336,336,2.2.3,25966,12,8.672174072999951,"{""cuda_driver_api_version"": 13000, ""cuda_visible_device_count"": 1, ""gpu_id"": 0, ""gpu_name"": ""NVIDIA RTX PRO 6000 Blackwell Server Edition"", ""nvdec_driver_library_available"": true}",False
be12a84047f64b9d,fully_unlabelled,/content/drive/MyDrive/MMVQA_Clinical/data/raw/kvasir_capsule/osfstorage/unlabelled_videos/be12a84047f64b9d.mp4,unlabelled_videos/be12a84047f64b9d.mp4,211021208,1754314426000000000,11750,11750,0,read_completed,,nvdec,,1.893640002000211,True,pyav_container_header,,336,336,2.2.3,11751,12,2.4371549539998796,"{""cuda_driver_api_version"": 13000, ""cuda_visible_device_count"": 1, ""gpu_id"": 0, ""gpu_name"": ""NVIDIA RTX PRO 6000 Blackwell Server Edition"", ""nvdec_driver_library_available"": true}",False
bf79bb7120234162,fully_unlabelled,/content/drive/MyDrive/MMVQA_Clinical/data/raw/kvasir_capsule/osfstorage/unlabelled_videos/bf79bb7120234162.mp4,unlabelled_videos/bf79bb7120234162.mp4,565869873,1726579364000000000,28789,28789,0,read_completed,,nvdec,,4.143562274000033,True,pyav_container_header,,336,336,2.2.3,28790,12,8.10533657100018,"{""cuda_driver_api_version"": 13000, ""cuda_visible_device_count"": 1, ""gpu_id"": 0, ""gpu_name"": ""NVIDIA RTX PRO 6000 Blackwell Server Edition"", ""nvdec_driver_library_available"": true}",False
c3946cdabade48c6,fully_unlabelled,/content/drive/MyDrive/MMVQA_Clinical/data/raw/kvasir_capsule/osfstorage/unlabelled_videos/c3946cdabade48c6.mp4,unlabelled_videos/c3946cdabade48c6.mp4,612819604,1743604148000000000,29896,29896,0,read_completed,,nvdec,,4.396687611000061,True,pyav_container_header,,336,336,2.2.3,29897,12,7.583987208000053,"{""cuda_driver_api_version"": 13000, ""cuda_visible_device_count"": 1, ""gpu_id"": 0, ""gpu_name"": ""NVIDIA RTX PRO 6000 Blackwell Server Edition"", ""nvdec_driver_library_available"": true}",False
c468b4b7d36e4c72,fully_unlabelled,/content/drive/MyDrive/MMVQA_Clinical/data/raw/kvasir_capsule/osfstorage/unlabelled_videos/c468b4b7d36e4c72.mp4,unlabelled_videos/c468b4b7d36e4c72.mp4,816301300,1756122295000000000,38776,38776,0,read_completed,,nvdec,,5.392289857000151,True,pyav_container_header,,336,336,2.2.3,38777,12,6.299735994999992,"{""cuda_driver_api_version"": 13000, ""cuda_visible_device_count"": 1, ""gpu_id"": 0, ""gpu_name"": ""NVIDIA RTX PRO 6000 Blackwell Server Edition"", ""nvdec_driver_library_available"": true}",False
c9b1858f498e4d40,fully_unlabelled,/content/drive/MyDrive/MMVQA_Clinical/data/raw/kvasir_capsule/osfstorage/unlabelled_videos/c9b1858f498e4d40.mp4,unlabelled_videos/c9b1858f498e4d40.mp4,529864823,1726491548000000000,17243,17243,0,read_completed,,nvdec,,2.892935350000016,True,pyav_container_header,,336,336,2.2.3,17244,12,4.729979097000069,"{""cuda_driver_api_version"": 13000, ""cuda_visible_device_count"": 1, ""gpu_id"": 0, ""gpu_name"": ""NVIDIA RTX PRO 6000 Blackwell Server Edition"", ""nvdec_driver_library_available"": true}",False
cfcc751c6cf44d3b,fully_unlabelled,/content/drive/MyDrive/MMVQA_Clinical/data/raw/kvasir_capsule/osfstorage/unlabelled_videos/cfcc751c6cf44d3b.mp4,unlabelled_videos/cfcc751c6cf44d3b.mp4,637011651,1748432190000000000,36980,36980,0,read_completed,,nvdec,,5.144707810999989,True,pyav_container_header,,336,336,2.2.3,36981,12,7.293354070000078,"{""cuda_driver_api_version"": 13000, ""cuda_visible_device_count"": 1, ""gpu_id"": 0, ""gpu_name"": ""NVIDIA RTX PRO 6000 Blackwell Server Edition"", ""nvdec_driver_library_available"": true}",False
d7d0013ac7704eae,fully_unlabelled,/content/drive/MyDrive/MMVQA_Clinical/data/raw/kvasir_capsule/osfstorage/unlabelled_videos/d7d0013ac7704eae.mp4,unlabelled_videos/d7d0013ac7704eae.mp4,1559524067,1737640345000000000,60537,60537,0,read_completed,,nvdec,,8.896012090000113,True,pyav_container_header,,336,336,2.2.3,60538,12,16.759058692000053,"{""cuda_driver_api_version"": 13000, ""cuda_visible_device_count"": 1, ""gpu_id"": 0, ""gpu_name"": ""NVIDIA RTX PRO 6000 Blackwell Server Edition"", ""nvdec_driver_library_available"": true}",False
da002dfca6df48fa,fully_unlabelled,/content/drive/MyDrive/MMVQA_Clinical/data/raw/kvasir_capsule/osfstorage/unlabelled_videos/da002dfca6df48fa.mp4,unlabelled_videos/da002dfca6df48fa.mp4,563273897,1729339464000000000,29011,29011,0,read_completed,,nvdec,,4.141337554000074,True,pyav_container_header,,336,336,2.2.3,29012,12,6.481839822999973,"{""cuda_driver_api_version"": 13000, ""cuda_visible_device_count"": 1, ""gpu_id"": 0, ""gpu_name"": ""NVIDIA RTX PRO 6000 Blackwell Server Edition"", ""nvdec_driver_library_available"": true}",False
dd23dc64d0944db0,fully_unlabelled,/content/drive/MyDrive/MMVQA_Clinical/data/raw/kvasir_capsule/osfstorage/unlabelled_videos/dd23dc64d0944db0.mp4,unlabelled_videos/dd23dc64d0944db0.mp4,869794535,1734700099000000000,36899,36899,0,read_completed,,nvdec,,5.395686457000011,True,pyav_container_header,,336,336,2.2.3,36900,12,15.748905129999912,"{""cuda_driver_api_version"": 13000, ""cuda_visible_device_count"": 1, ""gpu_id"": 0, ""gpu_name"": ""NVIDIA RTX PRO 6000 Blackwell Server Edition"", ""nvdec_driver_library_available"": true}",False
e1b8ab3edc594415,fully_unlabelled,/content/drive/MyDrive/MMVQA_Clinical/data/raw/kvasir_capsule/osfstorage/unlabelled_videos/e1b8ab3edc594415.mp4,unlabelled_videos/e1b8ab3edc594415.mp4,1087169388,1716123384000000000,53608,53608,0,read_completed,,nvdec,,7.3939384670002255,True,pyav_container_header,,336,336,2.2.3,53609,12,8.926593013000002,"{""cuda_driver_api_version"": 13000, ""cuda_visible_device_count"": 1, ""gpu_id"": 0, ""gpu_name"": ""NVIDIA RTX PRO 6000 Blackwell Server Edition"", ""nvdec_driver_library_available"": true}",False
e2ec9bac087f4573,fully_unlabelled,/content/drive/MyDrive/MMVQA_Clinical/data/raw/kvasir_capsule/osfstorage/unlabelled_videos/e2ec9bac087f4573.mp4,unlabelled_videos/e2ec9bac087f4573.mp4,1632350713,1712575235000000000,70672,70672,0,read_completed,,nvdec,,9.892970848999994,True,pyav_container_header,,336,336,2.2.3,70673,12,19.282368181000038,"{""cuda_driver_api_version"": 13000, ""cuda_visible_device_count"": 1, ""gpu_id"": 0, ""gpu_name"": ""NVIDIA RTX PRO 6000 Blackwell Server Edition"", ""nvdec_driver_library_available"": true}",False
e3651eae6cd14d0d,fully_unlabelled,/content/drive/MyDrive/MMVQA_Clinical/data/raw/kvasir_capsule/osfstorage/unlabelled_videos/e3651eae6cd14d0d.mp4,unlabelled_videos/e3651eae6cd14d0d.mp4,1862400660,1732199110000000000,82806,82806,0,read_completed,,nvdec,,11.392451656000048,True,pyav_container_header,,336,336,2.2.3,82807,6,22.479661210999893,"{""cuda_driver_api_version"": 13000, ""cuda_visible_device_count"": 1, ""gpu_id"": 0, ""gpu_name"": ""NVIDIA RTX PRO 6000 Blackwell Server Edition"", ""nvdec_driver_library_available"": true}",False
e4da9040be064e2f,fully_unlabelled,/content/drive/MyDrive/MMVQA_Clinical/data/raw/kvasir_capsule/osfstorage/unlabelled_videos/e4da9040be064e2f.mp4,unlabelled_videos/e4da9040be064e2f.mp4,1815417721,1727954712000000000,73014,73014,0,read_completed,,nvdec,,10.395184681000046,True,pyav_container_header,,336,336,2.2.3,73015,12,25.904769307999686,"{""cuda_driver_api_version"": 13000, ""cuda_visible_device_count"": 1, ""gpu_id"": 0, ""gpu_name"": ""NVIDIA RTX PRO 6000 Blackwell Server Edition"", ""nvdec_driver_library_available"": true}",False
e65ce34d64094ded,fully_unlabelled,/content/drive/MyDrive/MMVQA_Clinical/data/raw/kvasir_capsule/osfstorage/unlabelled_videos/e65ce34d64094ded.mp4,unlabelled_videos/e65ce34d64094ded.mp4,629685512,1722776554000000000,32685,32685,0,read_completed,,nvdec,,4.642871809000098,True,pyav_container_header,,336,336,2.2.3,32686,12,8.258654903000206,"{""cuda_driver_api_version"": 13000, ""cuda_visible_device_count"": 1, ""gpu_id"": 0, ""gpu_name"": ""NVIDIA RTX PRO 6000 Blackwell Server Edition"", ""nvdec_driver_library_available"": true}",False
eb29cc736838444d,fully_unlabelled,/content/drive/MyDrive/MMVQA_Clinical/data/raw/kvasir_capsule/osfstorage/unlabelled_videos/eb29cc736838444d.mp4,unlabelled_videos/eb29cc736838444d.mp4,436971950,1741007549000000000,17201,17201,0,read_completed,,nvdec,,2.642274518999784,True,pyav_container_header,,336,336,2.2.3,17202,11,4.022132519000024,"{""cuda_driver_api_version"": 13000, ""cuda_visible_device_count"": 1, ""gpu_id"": 0, ""gpu_name"": ""NVIDIA RTX PRO 6000 Blackwell Server Edition"", ""nvdec_driver_library_available"": true}",False
f693f1b3c60e4065,fully_unlabelled,/content/drive/MyDrive/MMVQA_Clinical/data/raw/kvasir_capsule/osfstorage/unlabelled_videos/f693f1b3c60e4065.mp4,unlabelled_videos/f693f1b3c60e4065.mp4,1574501653,1726578644000000000,68358,68358,0,read_completed,,nvdec,,9.641943872999946,True,pyav_container_header,,336,336,2.2.3,68359,12,18.86908492900011,"{""cuda_driver_api_version"": 13000, ""cuda_visible_device_count"": 1, ""gpu_id"": 0, ""gpu_name"": ""NVIDIA RTX PRO 6000 Blackwell Server Edition"", ""nvdec_driver_library_available"": true}",False
f6a42c6e3f804539,fully_unlabelled,/content/drive/MyDrive/MMVQA_Clinical/data/raw/kvasir_capsule/osfstorage/unlabelled_videos/f6a42c6e3f804539.mp4,unlabelled_videos/f6a42c6e3f804539.mp4,906827924,1742131292000000000,39440,39440,0,read_completed,,nvdec,,5.642488004999905,True,pyav_container_header,,336,336,2.2.3,39441,12,14.22113518199967,"{""cuda_driver_api_version"": 13000, ""cuda_visible_device_count"": 1, ""gpu_id"": 0, ""gpu_name"": ""NVIDIA RTX PRO 6000 Blackwell Server Edition"", ""nvdec_driver_library_available"": true}",False
f7acef9e901f405c,fully_unlabelled,/content/drive/MyDrive/MMVQA_Clinical/data/raw/kvasir_capsule/osfstorage/unlabelled_videos/f7acef9e901f405c.mp4,unlabelled_videos/f7acef9e901f405c.mp4,571678796,1753800952000000000,25053,25053,0,read_completed,,nvdec,,3.6451677249997374,True,pyav_container_header,,336,336,2.2.3,25054,12,6.155187325000043,"{""cuda_driver_api_version"": 13000, ""cuda_visible_device_count"": 1, ""gpu_id"": 0, ""gpu_name"": ""NVIDIA RTX PRO 6000 Blackwell Server Edition"", ""nvdec_driver_library_available"": true}",False
f89e276571ce4538,fully_unlabelled,/content/drive/MyDrive/MMVQA_Clinical/data/raw/kvasir_capsule/osfstorage/unlabelled_videos/f89e276571ce4538.mp4,unlabelled_videos/f89e276571ce4538.mp4,540377931,1743428373000000000,22533,22533,0,read_completed,,nvdec,,3.3911489790002634,True,pyav_container_header,,336,336,2.2.3,22534,12,10.261431574000198,"{""cuda_driver_api_version"": 13000, ""cuda_visible_device_count"": 1, ""gpu_id"": 0, ""gpu_name"": ""NVIDIA RTX PRO 6000 Blackwell Server Edition"", ""nvdec_driver_library_available"": true}",False
