config_key,sector1_value,sector2_value,resolution
config_source,<not declared>,"{""git_commit"":""9b82259ed75fce8eda7d0ae9c4e12c89ab671824"",""interpretation"":""Provenance of the literal CONFIG definition read from Git. This is not evidence of the configuration used by a Sector 1 runtime. The consumed artifact bytes are identified separately by input_sha256."",""kind"":""sector1_notebook_literal_config"",""literal_config_sha256"":""b64ff55faa72b5a37e87d8fc7bd5b9e84242d44575c10a271ed6cd24e66c750c"",""notebook"":""notebooks/phase2/phase2_01_ingestion.ipynb"",""notebook_sha256"":""7ee148785278092420e2cf05c1dab41556612ae707f41a21cbf23ba9421a8315"",""repository"":""https://github.com/bogdanparvu18/msc-graduate-project.git""}",sector2_runtime_added
decode_audit_allow_cpu_fallback,<not declared>,true,sector2_runtime_added
decode_audit_allow_cpu_startup_fallback,<not declared>,true,sector2_runtime_added
decode_audit_backend,<not declared>,"""nvdec""",sector2_runtime_added
decode_audit_copy_workers,<not declared>,21,sector2_runtime_added
decode_audit_cpu_threads,<not declared>,2,sector2_runtime_added
decode_audit_cpu_video_workers,<not declared>,9,sector2_runtime_added
decode_audit_force_redecode,<not declared>,false,sector2_runtime_added
decode_audit_gpu_id,<not declared>,0,sector2_runtime_added
decode_audit_local_work_dir,<not declared>,"""/content/video_decode_audit_work""",sector2_runtime_added
decode_audit_prefetch_videos,<not declared>,21,sector2_runtime_added
decode_audit_published_reference_frames,<not declared>,"{""all_videos"":4741504,""fully_unlabelled"":2785829,""partially_labelled"":1955675}",sector2_runtime_added
decode_audit_retry_failed,<not declared>,true,sector2_runtime_added
decode_audit_retry_video_keys,<not declared>,[],sector2_runtime_added
decode_audit_stage_video_locally,<not declared>,true,sector2_runtime_added
decode_audit_staging_budget_mib,<not declared>,"""auto""",sector2_runtime_added
decode_audit_staging_min_free_mib,<not declared>,4096,sector2_runtime_added
decode_audit_video_workers,<not declared>,9,sector2_runtime_added
expected_classes,<not declared>,14,sector2_runtime_added
expected_export_container_fps,<not declared>,30.0,sector2_runtime_added
expected_labelled_frames,<not declared>,47238,sector2_runtime_added
expected_labelled_videos,<not declared>,43,sector2_runtime_added
expected_total_extractable_frames,<not declared>,4741504,sector2_runtime_added
expected_total_videos,<not declared>,117,sector2_runtime_added
expected_unlabelled_frames,<not declared>,4694266,sector2_runtime_added
expected_unlabelled_videos,<not declared>,74,sector2_runtime_added
frame_alignment_allow_cpu_fallback,<not declared>,true,sector2_runtime_added
frame_alignment_copy_workers,<not declared>,6,sector2_runtime_added
frame_alignment_cpu_memory_budget_mib,<not declared>,512,sector2_runtime_added
frame_alignment_cpu_video_workers,<not declared>,4,sector2_runtime_added
frame_alignment_cuda_backend,<not declared>,"""auto""",sector2_runtime_added
frame_alignment_cuda_device,<not declared>,"""cuda:0""",sector2_runtime_added
frame_alignment_define_only,<not declared>,false,sector2_runtime_added
frame_alignment_force_rescore,<not declared>,false,sector2_runtime_added
frame_alignment_hash_source_bytes,<not declared>,false,sector2_runtime_added
frame_alignment_image_workers,<not declared>,16,sector2_runtime_added
frame_alignment_local_disk_reserve_gib,<not declared>,2.0,sector2_runtime_added
frame_alignment_local_work_dir,<not declared>,"""/content/frame_alignment_cuda_work""",sector2_runtime_added
frame_alignment_mapping_batch_size,<not declared>,16,sector2_runtime_added
frame_alignment_min_margin,<not declared>,0.005,sector2_runtime_added
frame_alignment_min_ssim,<not declared>,0.92,sector2_runtime_added
frame_alignment_reference_apply_exif_orientation,<not declared>,true,sector2_runtime_added
frame_alignment_reference_decoder,<not declared>,"""gpu_preferred""",sector2_runtime_added
frame_alignment_reference_fancy_upsampling,<not declared>,true,sector2_runtime_added
frame_alignment_retry_failed,<not declared>,true,sector2_runtime_added
frame_alignment_retry_video_keys,<not declared>,[],sector2_runtime_added
frame_alignment_show_progress,<not declared>,true,sector2_runtime_added
frame_alignment_ssim_batch_size,<not declared>,16,sector2_runtime_added
frame_alignment_stage_video_locally,<not declared>,true,sector2_runtime_added
frame_alignment_video_workers,<not declared>,"""all""",sector2_runtime_added
frame_alignment_vram_budget_fraction,<not declared>,0.85,sector2_runtime_added
frame_index_offset_candidates,<not declared>,"[-1,0,1]",sector2_runtime_added
sector2_overrides,<not declared>,"{""decode_audit_allow_cpu_fallback"":true,""decode_audit_allow_cpu_startup_fallback"":true,""decode_audit_backend"":""nvdec"",""decode_audit_copy_workers"":21,""decode_audit_cpu_threads"":2,""decode_audit_cpu_video_workers"":9,""decode_audit_force_redecode"":false,""decode_audit_gpu_id"":0,""decode_audit_local_work_dir"":""/content/video_decode_audit_work"",""decode_audit_prefetch_videos"":21,""decode_audit_published_reference_frames"":{""all_videos"":4741504,""fully_unlabelled"":2785829,""partially_labelled"":1955675},""decode_audit_retry_failed"":true,""decode_audit_retry_video_keys"":[],""decode_audit_stage_video_locally"":true,""decode_audit_staging_budget_mib"":""auto"",""decode_audit_staging_min_free_mib"":4096,""decode_audit_video_workers"":9,""expected_classes"":14,""expected_export_container_fps"":30.0,""expected_labelled_frames"":47238,""expected_labelled_videos"":43,""expected_total_extractable_frames"":4741504,""expected_total_videos"":117,""expected_unlabelled_frames"":4694266,""expected_unlabelled_videos"":74,""frame_alignment_allow_cpu_fallback"":true,""frame_alignment_copy_workers"":6,""frame_alignment_cpu_memory_budget_mib"":512,""frame_alignment_cpu_video_workers"":4,""frame_alignment_cuda_backend"":""auto"",""frame_alignment_cuda_device"":""cuda:0"",""frame_alignment_define_only"":false,""frame_alignment_force_rescore"":false,""frame_alignment_hash_source_bytes"":false,""frame_alignment_image_workers"":16,""frame_alignment_local_disk_reserve_gib"":2.0,""frame_alignment_local_work_dir"":""/content/frame_alignment_cuda_work"",""frame_alignment_mapping_batch_size"":16,""frame_alignment_min_margin"":0.005,""frame_alignment_min_ssim"":0.92,""frame_alignment_reference_apply_exif_orientation"":true,""frame_alignment_reference_decoder"":""gpu_preferred"",""frame_alignment_reference_fancy_upsampling"":true,""frame_alignment_retry_failed"":true,""frame_alignment_retry_video_keys"":[],""frame_alignment_show_progress"":true,""frame_alignment_ssim_batch_size"":16,""frame_alignment_stage_video_locally"":true,""frame_alignment_video_workers"":""all"",""frame_alignment_vram_budget_fraction"":0.85,""frame_index_offset_candidates"":[-1,0,1]}",sector2_runtime_added
