video_key,video_annotation_type,supervised_split,data_role,original_annotation_count,retained_annotation_count,excluded_annotation_count,domain_sampling_requested,domain_sampling_eligible,domain_sampling_reason
04a78ef00c5245e0,partially_labelled,test,supervised_test,1292,1292,0,False,False,supervised_validation_or_test
0531325b64674948,partially_labelled,test,supervised_test,1191,1191,0,False,False,supervised_validation_or_test
055bbbec392b4f3a,fully_unlabelled,\N,domain_adaptation_only,0,0,0,True,True,fully_unlabelled_source
0728084c8da942d9,partially_labelled,train,supervised_train_plus_domain_adaptation,1499,1499,0,True,True,verified_train_source
07c1fa15a20a4398,partially_labelled,test,supervised_test,678,678,0,False,False,supervised_validation_or_test
08d09e4d7aa140f7,fully_unlabelled,\N,domain_adaptation_only,0,0,0,True,True,fully_unlabelled_source
131368cc17e44240,partially_labelled,train,supervised_train_plus_domain_adaptation,2034,2034,0,True,True,verified_train_source
1342422630854f70,fully_unlabelled,\N,domain_adaptation_only,0,0,0,True,True,fully_unlabelled_source
199b056fd09f47c9,fully_unlabelled,\N,domain_adaptation_only,0,0,0,True,True,fully_unlabelled_source
1a14ba6768604ae2,fully_unlabelled,\N,domain_adaptation_only,0,0,0,True,True,fully_unlabelled_source
2213cbc25f124b25,fully_unlabelled,\N,domain_adaptation_only,0,0,0,True,True,fully_unlabelled_source
2317d66500394077,fully_unlabelled,\N,domain_adaptation_only,0,0,0,True,True,fully_unlabelled_source
231eb3a0fae54b98,fully_unlabelled,\N,domain_adaptation_only,0,0,0,True,True,fully_unlabelled_source
23f4d34a80d44c05,fully_unlabelled,\N,domain_adaptation_only,0,0,0,True,True,fully_unlabelled_source
23fb85eefa314dc3,fully_unlabelled,\N,domain_adaptation_only,0,0,0,True,True,fully_unlabelled_source
25551f9c7a3f424a,fully_unlabelled,\N,domain_adaptation_only,0,0,0,True,True,fully_unlabelled_source
2f513ad4ee5e4630,fully_unlabelled,\N,domain_adaptation_only,0,0,0,True,True,fully_unlabelled_source
2fc3db471f9d44c0,partially_labelled,train,supervised_train_plus_domain_adaptation,127,127,0,True,True,verified_train_source
358f96d770a2410e,fully_unlabelled,\N,domain_adaptation_only,0,0,0,True,True,fully_unlabelled_source
3680a149fa3e4b0b,fully_unlabelled,\N,domain_adaptation_only,0,0,0,True,True,fully_unlabelled_source
39960e5e099a45ca,partially_labelled,train,supervised_train_plus_domain_adaptation,237,237,0,True,True,verified_train_source
3ada4222967f421d,partially_labelled,train,supervised_train_plus_domain_adaptation,1002,1002,0,True,True,verified_train_source
3c8d5f0b90d7475d,partially_labelled,train,supervised_train_plus_domain_adaptation,1704,1704,0,True,True,verified_train_source
421b968fc5b74af1,fully_unlabelled,\N,domain_adaptation_only,0,0,0,True,True,fully_unlabelled_source
429257154ce94be3,fully_unlabelled,\N,domain_adaptation_only,0,0,0,True,True,fully_unlabelled_source
4560e83f9afc4685,partially_labelled,train,supervised_train_plus_domain_adaptation,780,780,0,True,True,verified_train_source
48579eec79784294,partially_labelled,train,supervised_train_plus_domain_adaptation,1379,1379,0,True,True,verified_train_source
492a750169554d64,fully_unlabelled,\N,domain_adaptation_only,0,0,0,True,True,fully_unlabelled_source
495f16498db34d3c,partially_labelled,test,supervised_test,323,323,0,False,False,supervised_validation_or_test
4ab482cc46054935,fully_unlabelled,\N,domain_adaptation_only,0,0,0,True,True,fully_unlabelled_source
4aebc5cb2d4847aa,partially_labelled,train,supervised_train_plus_domain_adaptation,90,90,0,True,True,verified_train_source
4c059b716bf84ea3,fully_unlabelled,\N,domain_adaptation_only,0,0,0,True,True,fully_unlabelled_source
4ed494e20fd349ad,fully_unlabelled,\N,domain_adaptation_only,0,0,0,True,True,fully_unlabelled_source
4fd5d5fabb1f4b47,fully_unlabelled,\N,domain_adaptation_only,0,0,0,True,True,fully_unlabelled_source
4ff32d8a3768447b,fully_unlabelled,\N,domain_adaptation_only,0,0,0,True,True,fully_unlabelled_source
52a7ef6b38084c16,fully_unlabelled,\N,domain_adaptation_only,0,0,0,True,True,fully_unlabelled_source
563e2e69c3e344a5,fully_unlabelled,\N,domain_adaptation_only,0,0,0,True,True,fully_unlabelled_source
5a51763059e749d8,fully_unlabelled,\N,domain_adaptation_only,0,0,0,True,True,fully_unlabelled_source
5bb1d3cc7dc64cec,partially_labelled,train,supervised_train_plus_domain_adaptation,788,788,0,True,True,verified_train_source
5d480904787b471d,fully_unlabelled,\N,domain_adaptation_only,0,0,0,True,True,fully_unlabelled_source
5e59c7fdb16c4228,partially_labelled,test,supervised_test,2394,2394,0,False,False,supervised_validation_or_test
5e9beaf4e66142c8,partially_labelled,test,supervised_test,464,464,0,False,False,supervised_validation_or_test
5f98cfbdcefb4b24,fully_unlabelled,\N,domain_adaptation_only,0,0,0,True,True,fully_unlabelled_source
61f06834552f4d09,fully_unlabelled,\N,domain_adaptation_only,0,0,0,True,True,fully_unlabelled_source
64440803f87b4843,partially_labelled,train,supervised_train_plus_domain_adaptation,2159,2159,0,True,True,verified_train_source
66939134473e44af,fully_unlabelled,\N,domain_adaptation_only,0,0,0,True,True,fully_unlabelled_source
6cb700585c4f4070,partially_labelled,train,supervised_train_plus_domain_adaptation,884,884,0,True,True,verified_train_source
6e2fb5dfcfe84a55,fully_unlabelled,\N,domain_adaptation_only,0,0,0,True,True,fully_unlabelled_source
6ee6ca3e686d4d0a,fully_unlabelled,\N,domain_adaptation_only,0,0,0,True,True,fully_unlabelled_source
747d45c19ad14a8c,fully_unlabelled,\N,domain_adaptation_only,0,0,0,True,True,fully_unlabelled_source
74aaa0963ec44812,fully_unlabelled,\N,domain_adaptation_only,0,0,0,True,True,fully_unlabelled_source
751de939d2eb4dfc,fully_unlabelled,\N,domain_adaptation_only,0,0,0,True,True,fully_unlabelled_source
7a47e8eacea04e64,partially_labelled,test,supervised_test,436,436,0,False,False,supervised_validation_or_test
7ad22d50ebaf4596,partially_labelled,train,supervised_train_plus_domain_adaptation,740,740,0,True,True,verified_train_source
7f2eed29b57d4d69,fully_unlabelled,\N,domain_adaptation_only,0,0,0,True,True,fully_unlabelled_source
805c383b48414cbf,fully_unlabelled,\N,domain_adaptation_only,0,0,0,True,True,fully_unlabelled_source
81236e118ae2480f,fully_unlabelled,\N,domain_adaptation_only,0,0,0,True,True,fully_unlabelled_source
83f180a29f3e40b4,fully_unlabelled,\N,domain_adaptation_only,0,0,0,True,True,fully_unlabelled_source
8601bf960ea44cae,fully_unlabelled,\N,domain_adaptation_only,0,0,0,True,True,fully_unlabelled_source
8885668afb844852,partially_labelled,train,supervised_train_plus_domain_adaptation,2021,2021,0,True,True,verified_train_source
89cdd41258c542c5,partially_labelled,train,supervised_train_plus_domain_adaptation,1198,1198,0,True,True,verified_train_source
8a00709108cd4e2b,partially_labelled,train,supervised_train_plus_domain_adaptation,542,542,0,True,True,verified_train_source
8b6903e220784dd9,fully_unlabelled,\N,domain_adaptation_only,0,0,0,True,True,fully_unlabelled_source
8dab1452e7e54550,fully_unlabelled,\N,domain_adaptation_only,0,0,0,True,True,fully_unlabelled_source
8e0117d6d9c84d2b,fully_unlabelled,\N,domain_adaptation_only,0,0,0,True,True,fully_unlabelled_source
8ebf0e483cac48d6,partially_labelled,train,supervised_train_plus_domain_adaptation,1077,1077,0,True,True,verified_train_source
8ed53a953994488f,fully_unlabelled,\N,domain_adaptation_only,0,0,0,True,True,fully_unlabelled_source
8f263414d3de414d,fully_unlabelled,\N,domain_adaptation_only,0,0,0,True,True,fully_unlabelled_source
90440abfba254494,fully_unlabelled,\N,domain_adaptation_only,0,0,0,True,True,fully_unlabelled_source
90cb94b58b484306,fully_unlabelled,\N,domain_adaptation_only,0,0,0,True,True,fully_unlabelled_source
90e7cc8c498144b6,fully_unlabelled,\N,domain_adaptation_only,0,0,0,True,True,fully_unlabelled_source
96cb81a18bb34dcc,fully_unlabelled,\N,domain_adaptation_only,0,0,0,True,True,fully_unlabelled_source
98c08c754fba418d,fully_unlabelled,\N,domain_adaptation_only,0,0,0,True,True,fully_unlabelled_source
9cfb233f909d46c4,fully_unlabelled,\N,domain_adaptation_only,0,0,0,True,True,fully_unlabelled_source
9d37bb4f8cc94731,fully_unlabelled,\N,domain_adaptation_only,0,0,0,True,True,fully_unlabelled_source
9fa8a9d05c014789,fully_unlabelled,\N,domain_adaptation_only,0,0,0,True,True,fully_unlabelled_source
9fae4024b2e64a1b,fully_unlabelled,\N,domain_adaptation_only,0,0,0,True,True,fully_unlabelled_source
ad91cf7ca91440aa,partially_labelled,train,supervised_train_plus_domain_adaptation,74,74,0,True,True,verified_train_source
ae546e326e594e64,fully_unlabelled,\N,domain_adaptation_only,0,0,0,True,True,fully_unlabelled_source
af9bd7d0e43741e3,partially_labelled,test,supervised_test,431,431,0,False,False,supervised_validation_or_test
b2134f4a6f864613,partially_labelled,validation,supervised_validation,1297,1297,0,False,False,supervised_validation_or_test
bc08ec3864244b70,fully_unlabelled,\N,domain_adaptation_only,0,0,0,True,True,fully_unlabelled_source
bc84479c66fe4da6,partially_labelled,train,supervised_train_plus_domain_adaptation,1891,1891,0,True,True,verified_train_source
bca26705313a4644,partially_labelled,validation,supervised_validation,1449,1449,0,False,False,supervised_validation_or_test
be12a84047f64b9d,fully_unlabelled,\N,domain_adaptation_only,0,0,0,True,True,fully_unlabelled_source
bf79bb7120234162,fully_unlabelled,\N,domain_adaptation_only,0,0,0,True,True,fully_unlabelled_source
c11b28a8b2344716,partially_labelled,validation,supervised_validation,1000,1000,0,False,False,supervised_validation_or_test
c3946cdabade48c6,fully_unlabelled,\N,domain_adaptation_only,0,0,0,True,True,fully_unlabelled_source
c468b4b7d36e4c72,fully_unlabelled,\N,domain_adaptation_only,0,0,0,True,True,fully_unlabelled_source
c7084b3556e34619,partially_labelled,train,supervised_train_plus_domain_adaptation,976,976,0,True,True,verified_train_source
c9b1858f498e4d40,fully_unlabelled,\N,domain_adaptation_only,0,0,0,True,True,fully_unlabelled_source
cfcc751c6cf44d3b,fully_unlabelled,\N,domain_adaptation_only,0,0,0,True,True,fully_unlabelled_source
d369e4f163df4aba,partially_labelled,train,supervised_train_plus_domain_adaptation,1328,1328,0,True,True,verified_train_source
d626f4f4a5ac4785,partially_labelled,train,supervised_train_plus_domain_adaptation,643,643,0,True,True,verified_train_source
d7a271f233ba4a40,partially_labelled,validation,supervised_validation,945,945,0,False,False,supervised_validation_or_test
d7d0013ac7704eae,fully_unlabelled,\N,domain_adaptation_only,0,0,0,True,True,fully_unlabelled_source
da002dfca6df48fa,fully_unlabelled,\N,domain_adaptation_only,0,0,0,True,True,fully_unlabelled_source
dac1e27f7e4d4ef5,partially_labelled,train,supervised_train_plus_domain_adaptation,2152,2152,0,True,True,verified_train_source
dc221ccc65d34010,partially_labelled,train,supervised_train_plus_domain_adaptation,1789,1789,0,True,True,verified_train_source
dca1377dec974312,partially_labelled,train,supervised_train_plus_domain_adaptation,1216,1216,0,True,True,verified_train_source
dd23dc64d0944db0,fully_unlabelled,\N,domain_adaptation_only,0,0,0,True,True,fully_unlabelled_source
df6b47bafe5143f5,partially_labelled,train,supervised_train_plus_domain_adaptation,1530,1530,0,True,True,verified_train_source
e1b8ab3edc594415,fully_unlabelled,\N,domain_adaptation_only,0,0,0,True,True,fully_unlabelled_source
e2ec9bac087f4573,fully_unlabelled,\N,domain_adaptation_only,0,0,0,True,True,fully_unlabelled_source
e3651eae6cd14d0d,fully_unlabelled,\N,domain_adaptation_only,0,0,0,True,True,fully_unlabelled_source
e4da9040be064e2f,fully_unlabelled,\N,domain_adaptation_only,0,0,0,True,True,fully_unlabelled_source
e65ce34d64094ded,fully_unlabelled,\N,domain_adaptation_only,0,0,0,True,True,fully_unlabelled_source
eb0203196e284797,partially_labelled,train,supervised_train_plus_domain_adaptation,873,873,0,True,True,verified_train_source
eb29cc736838444d,fully_unlabelled,\N,domain_adaptation_only,0,0,0,True,True,fully_unlabelled_source
ed02f27ef36f483e,partially_labelled,train,supervised_train_plus_domain_adaptation,587,587,0,True,True,verified_train_source
f693f1b3c60e4065,fully_unlabelled,\N,domain_adaptation_only,0,0,0,True,True,fully_unlabelled_source
f6a42c6e3f804539,fully_unlabelled,\N,domain_adaptation_only,0,0,0,True,True,fully_unlabelled_source
f7acef9e901f405c,fully_unlabelled,\N,domain_adaptation_only,0,0,0,True,True,fully_unlabelled_source
f89e276571ce4538,fully_unlabelled,\N,domain_adaptation_only,0,0,0,True,True,fully_unlabelled_source
fb86bc87d3874cd7,partially_labelled,train,supervised_train_plus_domain_adaptation,2085,2085,0,True,True,verified_train_source
fc32def0e7194981,partially_labelled,train,supervised_train_plus_domain_adaptation,1380,1380,0,True,True,verified_train_source
fe5d372e43f94f68,partially_labelled,validation,supervised_validation,554,554,0,False,False,supervised_validation_or_test
